trade_date,portfolio_value,benchmark_value,cash,equity,position,n_holdings
2022-01-04,999200.0,1000000.0,199200.0,800000.0,0.8,10
2022-01-05,1007012.4900418681,989904.9472735106,199200.0,807812.4900418681,0.8,10
2022-01-06,996094.7896409854,979760.4208561965,199200.0,796894.7896409854,0.8,10
2022-01-07,1009373.9163699199,980601.6769446074,199200.0,810173.9163699199,0.8,10
2022-01-10,1016196.9516576498,985009.4106768373,199200.0,816996.9516576498,0.8,10
2022-01-11,1013616.9116488283,975600.3402602398,199200.0,814416.9116488283,0.8,10
2022-01-12,1009057.8410019847,985321.2596379905,199200.0,809857.8410019847,0.8,10
2022-01-13,1002510.1488061287,969122.9266268563,199200.0,803310.1488061287,0.8,10
2022-01-14,993117.2598955419,961154.3885593727,199200.0,793917.2598955419,0.8,10
2022-01-17,994461.616033006,969398.8853026394,199200.0,795261.616033006,0.8,10
2022-01-18,1007866.7904808332,978767.1648339948,199200.0,808666.7904808332,0.8,10
2022-01-19,1010595.4500575442,972063.1442090169,199200.0,811395.4500575442,0.8,10
2022-01-20,1026739.6178539736,980833.530221542,199200.0,827539.6178539736,0.8,10
2022-01-21,1016871.0621337163,971846.7451059528,199200.0,817671.0621337163,0.8,10
2022-01-24,1017666.8641791177,973356.2722076223,199200.0,818466.8641791177,0.8,10
2022-01-25,1004403.5581778275,951336.7992571748,199200.0,805203.5581778275,0.8,10
2022-01-26,1007720.0541181137,958221.9997363437,199200.0,808520.0541181137,0.8,10
2022-01-27,995330.091651428,939425.9827731104,199200.0,796130.091651428,0.8,10
2022-01-28,989383.0378287676,928017.4472742731,199200.0,790183.0378287676,0.8,10
2022-02-07,988591.5313985045,942316.1979690247,197085.1011354904,791506.430263014,0.8,10
2022-02-08,993083.9043452744,937168.1279706456,197085.1011354904,795998.8032097841,0.8,10
2022-02-09,995014.5020962078,945970.5000561944,197085.1011354904,797929.4009607175,0.8,10
2022-02-10,997632.3354837354,943490.0238122385,197085.1011354904,800547.2343482451,0.8,10
2022-02-11,1001580.7369896288,935667.9343766163,197085.1011354904,804495.6358541384,0.8,10
2022-02-14,987166.1746672955,925560.1929600015,197085.1011354904,790081.0735318051,0.8,10
2022-02-15,984978.0838157476,935405.050745305,197085.1011354904,787892.9826802573,0.8,10
2022-02-16,989357.9736559484,939042.2312345813,197085.1011354904,792272.872520458,0.8,10
2022-02-17,987069.3323895985,941314.7268333444,197085.1011354904,789984.231254108,0.8,10
2022-02-18,994284.7863024925,945802.720597504,197085.1011354904,797199.6851670021,0.8,10
2022-02-21,990309.255983362,942361.7877819423,197085.1011354904,793224.1548478715,0.8,10
2022-02-22,978931.6029371512,930128.3044150154,197085.1011354904,781846.5018016609,0.8,10
2022-02-23,978971.6248251474,940070.5844990204,197085.1011354904,781886.523689657,0.8,10
2022-02-24,963605.0859143895,921011.6025667187,197085.1011354904,766519.9847788991,0.8,10
2022-02-25,962316.8864980424,929980.2696968884,197085.1011354904,765231.7853625519,0.8,10
2022-02-28,958871.4317538112,931652.0046208794,197085.1011354904,761786.3306183207,0.8,10
2022-03-01,958104.3346084084,939387.2863351165,191007.1892053596,767097.1454030488,0.8,10
2022-03-02,958729.8137893756,931032.7802752197,191007.1892053596,767722.624584016,0.8,10
2022-03-03,965411.9692317394,925548.0939686162,191007.1892053596,774404.7800263799,0.8,10
2022-03-04,958225.3548103876,914323.8494931833,191007.1892053596,767218.1656050279,0.8,10
2022-03-07,944582.9218113327,885112.8987387829,191007.1892053596,753575.7326059731,0.8,10
2022-03-08,928233.0302849323,867343.3439371333,191007.1892053596,737225.8410795727,0.8,10
2022-03-09,919599.2059972668,859403.8231145354,191007.1892053596,728592.0167919071,0.8,10
2022-03-10,918069.7697072835,872924.4154860339,191007.1892053596,727062.5805019238,0.8,10
2022-03-11,923655.1671981693,875707.0411635952,191007.1892053596,732647.9779928096,0.8,10
2022-03-14,908548.5587568833,848913.5705601892,191007.1892053596,717541.3695515237,0.8,10
2022-03-15,873197.0584516437,810085.8330917093,191007.1892053596,682189.869246284,0.8,10
2022-03-16,899319.0504847132,845115.7683348573,191007.1892053596,708311.8612793536,0.8,10
2022-03-17,904169.0940229024,861711.639634368,191007.1892053596,713161.9048175428,0.8,10
2022-03-18,920714.2870798495,867447.1919186547,191007.1892053596,729707.0978744898,0.8,10
2022-03-21,914168.6043577865,865992.1001109995,191007.1892053596,723161.4151524268,0.8,10
2022-03-22,925373.9280623235,865290.3789450871,191007.1892053596,734366.7388569638,0.8,10
2022-03-23,922154.2491445816,869605.8349917593,191007.1892053596,731147.059939222,0.8,10
2022-03-24,923735.9604860789,864479.2584957236,191007.1892053596,732728.7712807193,0.8,10
2022-03-25,919071.7493275332,848876.2568640679,191007.1892053596,728064.5601221735,0.8,10
2022-03-28,924587.2141566938,843567.3617852401,191007.1892053596,733580.0249513341,0.8,10
2022-03-29,923095.1087067958,840655.0227193641,191007.1892053596,732087.9195014363,0.8,10
2022-03-30,932056.148516326,865047.1587165821,191007.1892053596,741048.9593109664,0.8,10
2022-03-31,935787.1413914047,858641.3833128638,191007.1892053596,744779.9521860451,0.8,10
2022-04-01,935038.5116782917,869532.7530169039,186408.79856516776,748629.7131131239,0.8,10
2022-04-06,939971.9964436756,867028.1804623738,186408.79856516776,753563.1978785078,0.8,10
2022-04-07,932426.2853432125,855896.8440401171,186408.79856516776,746017.4867780448,0.8,10
2022-04-08,941049.6027685662,860302.7273383704,186408.79856516776,754640.8042033985,0.8,10
2022-04-11,928773.777277068,833726.3065400865,186408.79856516776,742364.9787119002,0.8,10
2022-04-12,937383.3892454314,849974.0115698486,186408.79856516776,750974.5906802637,0.8,10
2022-04-13,934672.3586345976,841792.30757515,186408.79856516776,748263.5600694299,0.8,10
2022-04-14,939531.4450430595,852331.9321481243,186408.79856516776,753122.6464778918,0.8,10
2022-04-15,941076.5534659021,851758.2569465037,186408.79856516776,754667.7549007344,0.8,10
2022-04-18,928560.192532626,847210.9069540184,186408.79856516776,742151.3939674583,0.8,10
2022-04-19,927778.3658016869,840809.0764315248,186408.79856516776,741369.5672365191,0.8,10
2022-04-20,925578.7276485406,827772.0980299731,186408.79856516776,739169.9290833728,0.8,10
2022-04-21,924971.4972460249,812529.6260071622,186408.79856516776,738562.6986808571,0.8,10
2022-04-22,929232.4866161151,816071.8446648928,186408.79856516776,742823.6880509473,0.8,10
2022-04-25,904868.5278511748,775741.1074497597,186408.79856516776,718459.7292860071,0.8,10
2022-04-26,901737.9401311995,769479.5438895792,186408.79856516776,715329.1415660317,0.8,10
2022-04-27,904975.1705322326,792135.4237868976,186408.79856516776,718566.3719670649,0.8,10
2022-04-28,906273.1380747659,797335.1839299855,186408.79856516776,719864.3395095981,0.8,10
2022-04-29,911771.7540048615,816680.0884133287,186408.79856516776,725362.9554396936,0.8,10
2022-05-05,911042.3366016573,815453.7590478341,181624.93339776812,729417.4032038893,0.8,10
2022-05-06,897328.7180926164,794835.6136475239,181624.93339776812,715703.7846948482,0.8,10
2022-05-09,892581.4052150317,788454.9512763451,181624.93339776812,710956.4718172636,0.8,10
2022-05-10,898913.0077973306,797083.2605614587,181624.93339776812,717288.0743995626,0.8,10
2022-05-11,899767.3775261096,808583.3417060387,181624.93339776812,718142.4441283414,0.8,10
2022-05-12,897420.9620613991,804987.5824696228,181624.93339776812,715796.028663631,0.8,10
2022-05-13,908274.1487339635,811059.4867144228,181624.93339776812,726649.2153361953,0.8,10
2022-05-16,901604.7898634728,804539.7774472889,181624.93339776812,719979.8564657047,0.8,10
2022-05-17,907717.4994065675,814575.9619719957,181624.93339776812,726092.5660087994,0.8,10
2022-05-18,903866.3734868206,811731.8856188603,181624.93339776812,722241.4400890524,0.8,10
2022-05-19,903096.1170967866,813295.9090178622,181624.93339776812,721471.1836990184,0.8,10
2022-05-20,910668.0892936762,829157.0563564715,181624.93339776812,729043.1558959081,0.8,10
2022-05-23,909718.1099023903,824354.5701540494,181624.93339776812,728093.1765046222,0.8,10
2022-05-24,898653.8397203165,805071.7873827773,181624.93339776812,717028.9063225483,0.8,10
2022-05-25,902509.1039147773,809956.9940842845,181624.93339776812,720884.1705170091,0.8,10
2022-05-26,906515.9944077868,811963.2305348122,181624.93339776812,724891.0610100187,0.8,10
2022-05-27,907961.9748730666,813641.675823773,181624.93339776812,726337.0414752985,0.8,10
2022-05-30,912482.0342757318,819278.1993886532,181624.93339776812,730857.1008779637,0.8,10
2022-05-31,917823.8903695617,831987.1629498057,181624.93339776812,736198.9569717937,0.8,10
2022-06-01,917089.6312572662,830291.1893741656,182830.5189616168,734259.1122956494,0.8,10
2022-06-02,934061.6117176565,831590.76339003,182830.5189616168,751231.0927560397,0.8,10
2022-06-06,956806.8312431468,847150.0256427446,182830.5189616168,773976.31228153,0.8,10
2022-06-07,956094.0362053567,849802.3482332513,182830.5189616168,773263.5172437399,0.8,10
2022-06-08,956400.4975696764,858075.1505160282,182830.5189616168,773569.9786080596,0.8,10
2022-06-09,942765.0742225079,849100.0373685991,182830.5189616168,759934.5552608911,0.8,10
2022-06-10,958512.0586850648,861975.5806565229,182830.5189616168,775681.539723448,0.8,10
2022-06-13,946287.483389164,851881.3819764844,182830.5189616168,763456.9644275472,0.8,10
2022-06-14,941922.1737007671,858583.3488230924,182830.5189616168,759091.6547391503,0.8,10
2022-06-15,945193.7113367544,869951.6017976702,182830.5189616168,762363.1923751376,0.8,10
2022-06-16,948262.3913862674,864226.1557297172,182830.5189616168,765431.8724246506,0.8,10
2022-06-17,949021.2975215209,876220.0180638958,182830.5189616168,766190.7785599041,0.8,10
2022-06-20,949621.9809696245,880569.2292798111,182830.5189616168,766791.4620080077,0.8,10
2022-06-21,948217.1965378057,879579.5317844875,182830.5189616168,765386.6775761889,0.8,10
2022-06-22,939497.1358293387,868407.1807981564,182830.5189616168,756666.6168677219,0.8,10
2022-06-23,956132.9991734539,883303.2556474381,182830.5189616168,773302.4802118371,0.8,10
2022-06-24,965009.8180990155,893652.3058552631,182830.5189616168,782179.2991373987,0.8,10
2022-06-27,967667.9136032909,903716.1452174222,182830.5189616168,784837.3946416741,0.8,10
2022-06-28,976313.1468966117,913121.3724249915,182830.5189616168,793482.6279349949,0.8,10
2022-06-29,958797.0612445832,899058.1555406883,182830.5189616168,775966.5422829664,0.8,10
2022-06-30,964986.8859734494,912001.7988658386,182830.5189616168,782156.3670118327,0.8,10
2022-07-01,964214.896464671,908282.0402185521,192225.38768591132,771989.5087787597,0.8,10
2022-07-04,968341.6357584328,914242.5524048496,192225.38768591132,776116.2480725214,0.8,10
2022-07-05,966391.8980962653,912922.4406052888,192225.38768591132,774166.510410354,0.8,10
2022-07-06,958156.0932618631,899589.4537708011,192225.38768591132,765930.7055759518,0.8,10
2022-07-07,957102.9284794864,903555.4421436095,192225.38768591132,764877.5407935751,0.8,10
2022-07-08,956265.0159225408,900567.7843145544,192225.38768591132,764039.6282366294,0.8,10
2022-07-11,948490.4764556959,885486.8897464463,192225.38768591132,756265.0887697847,0.8,10
2022-07-12,935710.2186210947,877150.1153176221,192225.38768591132,743484.8309351834,0.8,10
2022-07-13,934565.7103682323,878745.0063954862,192225.38768591132,742340.3226823211,0.8,10
2022-07-14,929557.8743561434,878869.554836218,192225.38768591132,737332.4866702321,0.8,10
2022-07-15,913484.2183757052,863914.2050963676,192225.38768591132,721258.8306897939,0.8,10
2022-07-18,920713.5803428739,872873.254036747,192225.38768591132,728488.1926569626,0.8,10
2022-07-19,918018.3894281411,868146.3712796542,192225.38768591132,725793.0017422297,0.8,10
2022-07-20,921450.662454627,871087.2598983119,192225.38768591132,729225.2747687157,0.8,10
2022-07-21,916006.3315809781,861378.602187461,192225.38768591132,723780.9438950669,0.8,10
2022-07-22,921261.8224764641,861821.1405900154,192225.38768591132,729036.4347905528,0.8,10
2022-07-25,921765.677547784,856617.557572339,192225.38768591132,729540.2898618728,0.8,10
2022-07-26,921553.1853442297,863395.3718775478,192225.38768591132,729327.7976583184,0.8,10
2022-07-27,914808.8261008468,859137.3199530283,192225.38768591132,722583.4384149354,0.8,10
2022-07-28,913782.8308755327,859266.9723380252,192225.38768591132,721557.4431896214,0.8,10
2022-07-29,904880.2119591497,847966.839735113,192225.38768591132,712654.8242732383,0.8,10
2022-08-01,904156.3077895825,851744.2668522631,180252.1382222629,723904.1695673197,0.8,10
2022-08-02,893747.9898118689,835140.3024459097,180252.1382222629,713495.8515896059,0.8,10
2022-08-03,891948.2652482726,826996.6441871474,180252.1382222629,711696.1270260096,0.8,10
2022-08-04,903065.4372756865,834024.4907580278,180252.1382222629,722813.2990534236,0.8,10
2022-08-05,909063.1952978184,845284.5645155128,180252.1382222629,728811.0570755554,0.8,10
2022-08-08,903459.3741711343,843487.7117864896,180252.1382222629,723207.2359488714,0.8,10
2022-08-09,907321.3407653803,845158.409654076,180252.1382222629,727069.2025431173,0.8,10
2022-08-10,902160.2874693614,835692.0367875221,180252.1382222629,721908.1492470986,0.8,10
2022-08-11,911994.4871342434,852733.4153177257,180252.1382222629,731742.3489119805,0.8,10
2022-08-12,909268.1334283592,852247.2595428659,180252.1382222629,729015.9952060963,0.8,10
2022-08-15,902395.7528075562,851134.4370175616,180252.1382222629,722143.6145852933,0.8,10
2022-08-16,899540.0639535647,849539.7289496512,180252.1382222629,719287.9257313018,0.8,10
2022-08-17,902342.3877891337,857494.8869560733,180252.1382222629,722090.2495668707,0.8,10
2022-08-18,896919.6664620808,849999.8159733242,180252.1382222629,716667.5282398179,0.8,10
2022-08-19,894929.4877018274,844097.5822900698,180252.1382222629,714677.3494795645,0.8,10
2022-08-22,894477.598164794,850263.5333166468,180252.1382222629,714225.4599425311,0.8,10
2022-08-23,890252.6520621651,846132.7546477258,180252.1382222629,710000.5138399021,0.8,10
2022-08-24,884564.9117534424,830137.1153275655,180252.1382222629,704312.7735311794,0.8,10
2022-08-25,889989.1531211559,837014.243034331,180252.1382222629,709737.0148988931,0.8,10
2022-08-26,889626.2046653782,835246.3465468757,180252.1382222629,709374.0664431152,0.8,10
2022-08-29,884799.9417910413,831581.0638624824,180252.1382222629,704547.8035687783,0.8,10
2022-08-30,884131.0978273374,828789.7960482173,180252.1382222629,703878.9596050746,0.8,10
2022-08-31,896134.5153040483,829409.2847415878,180252.1382222629,715882.3770817855,0.8,10
2022-09-01,895417.6076918049,822271.7542051062,178509.9954485661,716907.6122432387,0.8,10
2022-09-02,892823.6016037362,818179.1636131965,178509.9954485661,714313.6061551701,0.8,10
2022-09-05,893638.5851474875,816514.4440707653,178509.9954485661,715128.5896989214,0.8,10
2022-09-06,893634.9802305906,824008.4576626705,178509.9954485661,715124.9847820245,0.8,10
2022-09-07,890049.0700082805,824558.0568881561,178509.9954485661,711539.0745597144,0.8,10
2022-09-08,890751.201435294,821040.3818986645,178509.9954485661,712241.2059867278,0.8,10
2022-09-09,902417.2977357812,832448.7140531087,178509.9954485661,723907.302287215,0.8,10
2022-09-13,908435.1347224787,835972.082685605,178509.9954485661,729925.1392739125,0.8,10
2022-09-14,902634.2366642642,826667.9583102512,178509.9954485661,724124.2412156982,0.8,10
2022-09-15,909603.8043301699,818891.9873829684,178509.9954485661,731093.8088816038,0.8,10
2022-09-16,893682.984849964,799688.9562826433,178509.9954485661,715172.989401398,0.8,10
2022-09-19,894559.1763318009,798736.7961622733,178509.9954485661,716049.1808832347,0.8,10
2022-09-20,887786.727088287,799720.1696469736,178509.9954485661,709276.7316397208,0.8,10
2022-09-21,886063.6993373472,793802.5834620453,178509.9954485661,707553.7038887811,0.8,10
2022-09-22,881546.0392045111,786809.4071101766,178509.9954485661,703036.043755945,0.8,10
2022-09-23,884097.0783079239,784100.2904306963,178509.9954485661,705587.0828593578,0.8,10
2022-09-26,876996.701124813,780166.8168263338,178509.9954485661,698486.7056762469,0.8,10
2022-09-27,878686.7783272669,791476.3642746431,178509.9954485661,700176.7828787008,0.8,10
2022-09-28,876386.3854545848,778546.670374855,178509.9954485661,697876.3900060187,0.8,10
2022-09-29,867661.3975896584,778228.1517176104,178509.9954485661,689151.4021410923,0.8,10
2022-09-30,871237.3334234233,773702.0918830754,178509.9954485661,692727.3379748572,0.8,10
2022-10-10,870540.3435566842,756631.5741013504,173550.4768179456,696989.8667387386,0.8,10
2022-10-11,871705.0676068323,758004.189423192,173550.4768179456,698154.5907888866,0.8,10
2022-10-12,875776.2102627228,769517.487953319,173550.4768179456,702225.7334447772,0.8,10
2022-10-13,868664.8356896739,763084.9930963562,173550.4768179456,695114.3588717283,0.8,10
2022-10-14,876986.9756512502,781344.6892229688,173550.4768179456,703436.4988333046,0.8,10
2022-10-17,877168.1966200405,782146.2931547384,173550.4768179456,703617.7198020949,0.8,10
2022-10-18,877051.1911035283,780490.012404618,173550.4768179456,703500.7142855827,0.8,10
2022-10-19,867475.4142823055,767936.9123207242,173550.4768179456,693924.9374643599,0.8,10
2022-10-20,867074.2753709449,763543.3313582493,173550.4768179456,693523.7985529993,0.8,10
2022-10-21,864197.5081776173,761096.2849325078,173550.4768179456,690647.0313596717,0.8,10
2022-10-24,847326.7016213116,738826.0883454523,173550.4768179456,673776.224803366,0.8,10
2022-10-25,846705.4225450534,737622.4725486594,173550.4768179456,673154.9457271078,0.8,10
2022-10-26,845588.1404084201,743610.6599068483,173550.4768179456,672037.6635904745,0.8,10
2022-10-27,845152.1837904771,738372.9353655815,173550.4768179456,671601.7069725315,0.8,10
2022-10-28,838209.9545113945,720109.4977021372,173550.4768179456,664659.4776934489,0.8,10
2022-10-31,829423.5407407844,713475.1632006513,173550.4768179456,655873.0639228388,0.8,10
2022-11-01,828760.001908192,738988.7435254384,165221.16931556433,663538.8325926276,0.8,10
2022-11-02,829927.7345033933,747861.0457477504,165221.16931556433,664706.565187829,0.8,10
2022-11-03,825945.8767222447,741779.3199687671,165221.16931556433,660724.7074066803,0.8,10
2022-11-04,837724.2763457771,766033.8324807814,165221.16931556433,672503.1070302128,0.8,10
2022-11-07,843199.5182904769,767685.49731318,165221.16931556433,677978.3489749125,0.8,10
2022-11-08,839950.2333389417,762404.2367373653,165221.16931556433,674729.0640233774,0.8,10
2022-11-09,841678.4605408303,755276.060042963,165221.16931556433,676457.291225266,0.8,10
2022-11-10,840365.6813139174,749464.0909357753,165221.16931556433,675144.5119983531,0.8,10
2022-11-11,857563.1208244014,770357.7679886431,165221.16931556433,692341.951508837,0.8,10
2022-11-14,866984.6363359672,771492.1043507302,165221.16931556433,701763.4670204029,0.8,10
2022-11-15,874072.4221775897,786123.8518235101,165221.16931556433,708851.2528620254,0.8,10
2022-11-16,870418.5843554318,779701.6868617134,165221.16931556433,705197.4150398675,0.8,10
2022-11-17,868189.274370176,776503.9132713389,165221.16931556433,702968.1050546117,0.8,10
2022-11-18,863474.4972504902,773027.6595347078,165221.16931556433,698253.3279349259,0.8,10
2022-11-21,857439.984809409,766430.821739297,165221.16931556433,692218.8154938447,0.8,10
2022-11-22,861817.1653306872,766521.4726697104,165221.16931556433,696595.9960151229,0.8,10
2022-11-23,863676.8482439419,767325.9030885431,165221.16931556433,698455.6789283776,0.8,10
2022-11-24,862499.0686197446,763925.8831648594,165221.16931556433,697277.8993041803,0.8,10
2022-11-25,869733.6708538,767782.9602807601,165221.16931556433,704512.5015382357,0.8,10
2022-11-28,860599.3843688872,759133.9098675571,165221.16931556433,695378.2150533228,0.8,10
2022-11-29,881217.8970490015,782555.1170569282,165221.16931556433,715996.7277334372,0.8,10
2022-11-30,877543.701596824,783493.3684208151,165221.16931556433,712322.5322812597,0.8,10
2022-12-01,876841.6666355466,791979.3772996853,174806.70535808714,702034.9612774594,0.8,10
2022-12-02,871754.4285069357,787135.5308477206,174806.70535808714,696947.7231488486,0.8,10
2022-12-05,893626.7870520314,802575.0842562575,174806.70535808714,718820.0816939443,0.8,10
2022-12-06,893748.8866302657,806910.7934044758,174806.70535808714,718942.1812721787,0.8,10
2022-12-07,890123.3336425121,804926.7621616672,174806.70535808714,715316.628284425,0.8,10
2022-12-08,893380.7764830205,805077.0133336782,174806.70535808714,718574.0711249333,0.8,10
2022-12-09,905213.8706956701,813020.540040819,174806.70535808714,730407.1653375829,0.8,10
2022-12-12,892913.5449996393,803910.5282230529,174806.70535808714,718106.8396415521,0.8,10
2022-12-13,896187.4029118577,802332.1690443422,174806.70535808714,721380.6975537705,0.8,10
2022-12-14,901659.7690880799,804203.8321755615,174806.70535808714,726853.0637299928,0.8,10
2022-12-15,892581.8166729046,803614.7028000705,174806.70535808714,717775.1113148174,0.8,10
2022-12-16,898927.3173860004,804069.8892238716,174806.70535808714,724120.6120279132,0.8,10
2022-12-19,888027.3643838323,791664.6001792725,174806.70535808714,713220.6590257452,0.8,10
2022-12-20,875755.9097338584,778609.1987757122,174806.70535808714,700949.2043757713,0.8,10
2022-12-21,878608.9456394538,778918.5059319524,174806.70535808714,703802.2402813666,0.8,10
2022-12-22,884896.44023507,780034.7853119383,174806.70535808714,710089.7348769828,0.8,10
2022-12-23,882869.9654542983,778446.8282778766,174806.70535808714,708063.2600962112,0.8,10
2022-12-26,875909.8141620483,781551.8768250286,174806.70535808714,701103.1088039612,0.8,10
2022-12-27,888604.3776983216,790573.3118251902,174806.70535808714,713797.6723402344,0.8,10
2022-12-28,890836.8648832731,787199.9096825544,174806.70535808714,716030.159525186,0.8,10
2022-12-29,884425.0454090934,784238.4629457612,174806.70535808714,709618.3400510063,0.8,10
2022-12-30,890773.8431216206,787275.0251013403,174806.70535808714,715967.1377635334,0.8,10
2023-01-03,890061.224047123,790582.5029917551,177442.14954982657,712619.0744972964,0.8,10
2023-01-04,898734.8356926683,791609.087159975,177442.14954982657,721292.6861428418,0.8,10
2023-01-05,906819.616813495,806988.1252771456,177442.14954982657,729377.4672636685,0.8,10
2023-01-06,905670.1630947466,809491.4167619996,177442.14954982657,728228.01354492,0.8,10
2023-01-09,907090.0546424801,816045.36922492,177442.14954982657,729647.9050926535,0.8,10
2023-01-10,905716.5296690434,816930.7510466187,177442.14954982657,728274.3801192167,0.8,10
2023-01-11,909039.6917752519,815417.2993981637,177442.14954982657,731597.5422254254,0.8,10
2023-01-12,909543.8920075148,817011.1737540626,177442.14954982657,732101.7424576882,0.8,10
2023-01-13,914927.4282001886,828501.758715488,177442.14954982657,737485.278650362,0.8,10
2023-01-16,926795.6629854038,841431.838969623,177442.14954982657,749353.5134355772,0.8,10
2023-01-17,925045.917557162,841285.0039834148,177442.14954982657,747603.7680073355,0.8,10
2023-01-18,920556.0454575024,839876.2543629319,177442.14954982657,743113.8959076757,0.8,10
2023-01-19,923229.5066984722,845100.8631908481,177442.14954982657,745787.3571486456,0.8,10
2023-01-20,925492.9763821685,850290.0087566196,177442.14954982657,748050.8268323418,0.8,10
2023-01-30,927608.9140777199,854319.9489410364,177442.14954982657,750166.7645278933,0.8,10
2023-01-31,919132.1242675488,845273.7262593642,177442.14954982657,741689.9747177222,0.8,10
2023-02-01,918396.8185681348,853219.4897548283,183091.11915409565,735305.6994140391,0.8,10
2023-02-02,910801.4061782567,850213.2665826895,183091.11915409565,727710.2870241611,0.8,10
2023-02-03,904148.0448807714,842177.6248655055,183091.11915409565,721056.9257266758,0.8,10
2023-02-06,894489.9572487053,831043.7059694573,183091.11915409565,711398.8380946097,0.8,10
2023-02-07,900311.38301982,832539.4259868399,183091.11915409565,717220.2638657243,0.8,10
2023-02-08,896351.0543764841,828860.4378903564,183091.11915409565,713259.9352223885,0.8,10
2023-02-09,912060.3320982279,839986.5076928335,183091.11915409565,728969.2129441323,0.8,10
2023-02-10,906287.1108480289,834995.0535459672,183091.11915409565,723195.9916939333,0.8,10
2023-02-13,911021.0642739204,842572.540011212,183091.11915409565,727929.9451198247,0.8,10
2023-02-14,906577.0104645857,842921.5196585328,183091.11915409565,723485.8913104901,0.8,10
2023-02-15,901049.8786494172,838529.097759098,183091.11915409565,717958.7594953215,0.8,10
2023-02-16,892199.3867264697,832387.7514040777,183091.11915409565,709108.2675723741,0.8,10
2023-02-17,879748.0807002261,820394.3770964426,183091.11915409565,696656.9615461305,0.8,10
2023-02-20,899117.6028800617,840521.9338141249,183091.11915409565,716026.4837259661,0.8,10
2023-02-21,899480.8982938202,842731.0673000194,183091.11915409565,716389.7791397246,0.8,10
2023-02-22,892816.2713330328,835125.3769674612,183091.11915409565,709725.1521789371,0.8,10
2023-02-23,896496.1974842622,834453.4660895672,183091.11915409565,713405.0783301665,0.8,10
2023-02-24,886741.0649985302,825790.8729397884,183091.11915409565,703649.9458444346,0.8,10
2023-02-27,880163.7353222303,822293.0850319351,183091.11915409565,697072.6161681346,0.8,10
2023-02-28,887159.134149312,827501.6093183625,183091.11915409565,704068.0149952164,0.8,10
2023-03-01,886449.4068419926,839190.4143941151,176722.09952254273,709727.3073194498,0.8,10
2023-03-02,886560.5826168631,837318.8732695315,176722.09952254273,709838.4830943204,0.8,10
2023-03-03,891993.267234711,839924.4469840804,176722.09952254273,715271.1677121682,0.8,10
2023-03-06,887311.7711594314,835544.1850793489,176722.09952254273,710589.6716368888,0.8,10
2023-03-07,883598.7632295494,823311.3320800405,176722.09952254273,706876.6637070067,0.8,10
2023-03-08,881894.5686177758,820313.181680305,176722.09952254273,705172.469095233,0.8,10
2023-03-09,880692.5340669695,817414.059999976,176722.09952254273,703970.4345444269,0.8,10
2023-03-10,872971.2708051878,806694.6993180012,176722.09952254273,696249.171282645,0.8,10
2023-03-13,878794.5972151929,815143.8215239756,176722.09952254273,702072.4976926502,0.8,10
2023-03-14,885115.9045846646,810265.508197392,176722.09952254273,708393.805062122,0.8,10
2023-03-15,887822.1418814533,810714.1672661768,176722.09952254273,711100.0423589105,0.8,10
2023-03-16,890086.7336273582,801004.167482332,176722.09952254273,713364.6341048154,0.8,10
2023-03-17,896727.3594996608,805003.7280144297,176722.09952254273,720005.2599771181,0.8,10
2023-03-20,894229.6381545549,800989.2216694441,176722.09952254273,717507.5386320122,0.8,10
2023-03-21,897198.6314014473,809794.2779009808,176722.09952254273,720476.5318789047,0.8,10
2023-03-22,902415.1278391276,813264.2482958672,176722.09952254273,725693.0283165849,0.8,10
2023-03-23,904486.6826743796,821326.2027775096,176722.09952254273,727764.5831518369,0.8,10
2023-03-24,896943.4449381966,818877.1635767164,176722.09952254273,720221.3454156539,0.8,10
2023-03-27,893969.7794147816,815914.7204523974,176722.09952254273,717247.6798922389,0.8,10
2023-03-28,893735.8435059749,813278.8890921655,176722.09952254273,717013.7439834322,0.8,10
2023-03-29,896810.2226362177,814626.9200768893,176722.09952254273,720088.123113675,0.8,10
2023-03-30,903558.8170827304,821211.5572087184,176722.09952254273,726836.7175601876,0.8,10
2023-03-31,904240.4508335998,823733.0276823093,176722.09952254273,727518.3513110571,0.8,10
2023-04-03,903517.058472933,831793.9857764257,180124.69780605327,723392.3606668798,0.8,10
2023-04-04,912353.1475304146,834343.4364384977,180124.69780605327,732228.4497243614,0.8,10
2023-04-06,917557.9019749349,833028.7742686704,180124.69780605327,737433.2041688815,0.8,10
2023-04-07,931040.4030811179,838445.848564591,180124.69780605327,750915.7052750646,0.8,10
2023-04-10,918446.1545118992,834690.4639796454,180124.69780605327,738321.456705846,0.8,10
2023-04-11,915483.1248395431,833742.0860649857,180124.69780605327,735358.4270334898,0.8,10
2023-04-12,928182.070079437,833160.4600975974,180124.69780605327,748057.3722733838,0.8,10
2023-04-13,904882.6842693812,827403.9836752681,180124.69780605327,724757.986463328,0.8,10
2023-04-14,919324.8781025275,832085.0122717323,180124.69780605327,739200.1802964741,0.8,10
2023-04-17,926217.7070982219,843753.889596968,180124.69780605327,746093.0092921685,0.8,10
2023-04-18,960742.0099441453,846325.870817788,180124.69780605327,780617.312138092,0.8,10
2023-04-19,966326.517743862,838705.9260432782,180124.69780605327,786201.8199378087,0.8,10
2023-04-20,1007274.6556815254,836359.3927510122,180124.69780605327,827149.9578754721,0.8,10
2023-04-21,977134.8372873068,819999.9296428399,180124.69780605327,797010.1394812535,0.8,10
2023-04-24,983594.8238007759,809848.1031618163,180124.69780605327,803470.1259947226,0.8,10
2023-04-25,987329.9731763934,805785.8718877862,180124.69780605327,807205.2753703402,0.8,10
2023-04-26,963849.7131716041,805087.6889143124,180124.69780605327,783725.0153655508,0.8,10
2023-04-27,951237.1344755606,811022.5390382091,180124.69780605327,771112.4366695073,0.8,10
2023-04-28,985537.9049323788,819292.00647294,180124.69780605327,805413.2071263256,0.8,10
2023-05-04,984749.4746084333,819528.1503165675,196319.15066253018,788430.3239459031,0.8,10
2023-05-05,991107.8698461558,816809.496785054,196319.15066253018,794788.7191836255,0.8,10
2023-05-08,1013275.868764931,826119.6198200024,196319.15066253018,816956.7181024008,0.8,10
2023-05-09,1005601.2766510268,819045.8784196146,196319.15066253018,809282.1259884966,0.8,10
2023-05-10,983868.8903314382,812741.0025037185,196319.15066253018,787549.739668908,0.8,10
2023-05-11,981131.0973040435,811479.0878694435,196319.15066253018,784811.9466415133,0.8,10
2023-05-12,972946.3255790282,800721.8644614862,196319.15066253018,776627.174916498,0.8,10
2023-05-15,986593.6825448365,813151.2904855382,196319.15066253018,790274.5318823063,0.8,10
2023-05-16,987132.0330834837,808945.7624177388,196319.15066253018,790812.8824209535,0.8,10
2023-05-17,981329.463037297,805277.3482296929,196319.15066253018,785010.3123747668,0.8,10
2023-05-18,987252.2444967704,804444.673274668,196319.15066253018,790933.0938342402,0.8,10
2023-05-19,979902.7498582798,802100.1530918932,196319.15066253018,783583.5991957496,0.8,10
2023-05-22,981163.482170472,807140.5318997228,196319.15066253018,784844.3315079418,0.8,10
2023-05-23,969081.4773897498,795724.8793471294,196319.15066253018,772762.3267272196,0.8,10
2023-05-24,951274.3839566762,784725.025409407,196319.15066253018,754955.233294146,0.8,10
2023-05-25,951101.4194056308,782977.5040301334,196319.15066253018,754782.2687431006,0.8,10
2023-05-26,958048.4885063076,783069.3140235872,196319.15066253018,761729.3378437774,0.8,10
2023-05-29,960210.780540245,779610.5275703174,196319.15066253018,763891.6298777148,0.8,10
2023-05-30,956579.4816363796,780385.574724357,196319.15066253018,760260.3309738494,0.8,10
2023-05-31,947096.1766378977,772412.5020769088,196319.15066253018,750777.0259753675,0.8,10
2023-06-01,946338.4996965873,774105.2424766998,188661.55838626905,757676.9413103183,0.8,10
2023-06-02,952294.5154723343,785282.229715192,188661.55838626905,763632.9570860653,0.8,10
2023-06-05,954584.0583482919,781706.5202359292,188661.55838626905,765922.4999620229,0.8,10
2023-06-06,947935.0800854216,774368.5734656756,188661.55838626905,759273.5216991525,0.8,10
2023-06-07,953815.7425061878,770541.40830999,188661.55838626905,765154.1841199187,0.8,10
2023-06-08,966176.121877274,776813.5457786081,188661.55838626905,777514.563491005,0.8,10
2023-06-09,964132.6647137762,780171.9614394774,188661.55838626905,775471.1063275072,0.8,10
2023-06-12,958538.8145588246,781743.7729287326,188661.55838626905,769877.2561725556,0.8,10
2023-06-13,964108.3312142723,785907.249376053,188661.55838626905,775446.7728280033,0.8,10
2023-06-14,957272.2877814628,785727.7572803241,188661.55838626905,768610.7293951937,0.8,10
2023-06-15,962761.9844097628,798228.2928386192,188661.55838626905,774100.4260234938,0.8,10
2023-06-16,967435.4248857162,805925.183131452,188661.55838626905,778773.8664994471,0.8,10
2023-06-19,953952.1746349647,799328.0809883302,188661.55838626905,765290.6162486956,0.8,10
2023-06-20,956240.4814209765,797971.7332179314,188661.55838626905,767578.9230347074,0.8,10
2023-06-21,952541.8345822452,785729.302697711,188661.55838626905,763880.2761959762,0.8,10
2023-06-26,941744.0144136655,774680.3614235107,188661.55838626905,753082.4560273965,0.8,10
2023-06-27,949733.4050036926,781947.3206661571,188661.55838626905,761071.8466174236,0.8,10
2023-06-28,949583.2539614871,781004.8600733345,188661.55838626905,760921.6955752181,0.8,10
2023-06-29,946905.2614466881,777150.4467689826,188661.55838626905,758243.7030604191,0.8,10
2023-06-30,951137.2270821172,781340.9883550156,188661.55838626905,762475.6686958482,0.8,10
2023-07-03,950376.3173004518,791595.747767792,189466.53563475795,760909.7816656939,0.8,10
2023-07-04,947523.1748172533,792842.492910347,189466.53563475795,758056.6391824953,0.8,10
2023-07-05,938658.5975445304,786699.8858200898,189466.53563475795,749192.0619097725,0.8,10
2023-07-06,932969.6555693679,781402.6220405435,189466.53563475795,743503.11993461,0.8,10
2023-07-07,933812.9529356254,777934.4004074371,189466.53563475795,744346.4173008675,0.8,10
2023-07-10,931064.740392196,781722.3200952676,189466.53563475795,741598.204757438,0.8,10
2023-07-11,939821.0277955371,786838.3023484264,189466.53563475795,750354.4921607792,0.8,10
2023-07-12,925734.8021591115,781541.3435854696,189466.53563475795,736268.2665243535,0.8,10
2023-07-13,946748.4906943161,792722.4383807011,189466.53563475795,757281.9550595582,0.8,10
2023-07-14,954861.8038697038,792860.6718990839,189466.53563475795,765395.2682349458,0.8,10
2023-07-17,945200.5233005376,786368.3327872519,189466.53563475795,755733.9876657797,0.8,10
2023-07-18,934810.5635004757,783880.2921318754,189466.53563475795,745344.0278657178,0.8,10
2023-07-19,933671.0436421527,783052.070419058,189466.53563475795,744204.5080073947,0.8,10
2023-07-20,915574.5803581894,777526.8575749232,189466.53563475795,726108.0447234315,0.8,10
2023-07-21,915264.0728289431,777163.9691711192,189466.53563475795,725797.5371941852,0.8,10
2023-07-24,915423.7163583684,773770.3545958161,189466.53563475795,725957.1807236105,0.8,10
2023-07-25,935040.4728899966,796116.7443269405,189466.53563475795,745573.9372552386,0.8,10
2023-07-26,930200.824369372,794469.1463824026,189466.53563475795,740734.288734614,0.8,10
2023-07-27,928976.6315337302,793520.1381001244,189466.53563475795,739510.0958989722,0.8,10
2023-07-28,941066.291930445,811900.8038061515,189466.53563475795,751599.756295687,0.8,10
2023-07-31,943093.6974949685,816352.5209305942,189466.53563475795,753627.1618602106,0.8,10
2023-08-01,942339.2225369724,812971.0866844337,187864.26454099757,754474.9579959748,0.8,10
2023-08-02,931947.189727518,807255.8891738895,187864.26454099757,744082.9251865204,0.8,10
2023-08-03,941334.8276198218,814391.0202465336,187864.26454099757,753470.5630788242,0.8,10
2023-08-04,942592.9960592518,817562.2370591781,187864.26454099757,754728.7315182543,0.8,10
2023-08-07,937957.23079965,811375.2602223617,187864.26454099757,750092.9662586524,0.8,10
2023-08-08,936326.0054721676,809256.2286370193,187864.26454099757,748461.7409311701,0.8,10
2023-08-09,936873.8365920719,806782.1374070047,187864.26454099757,749009.5720510744,0.8,10
2023-08-10,938067.2705340814,808439.678892362,187864.26454099757,750203.0059930838,0.8,10
2023-08-11,920947.2410056881,789841.2313413981,187864.26454099757,733082.9764646905,0.8,10
2023-08-14,912297.0868176217,784076.8854910583,187864.26454099757,724432.8222766242,0.8,10
2023-08-15,916332.2617393399,782171.4671905957,187864.26454099757,728467.9971983423,0.8,10
2023-08-16,914412.6229789212,776436.7689527599,187864.26454099757,726548.3584379236,0.8,10
2023-08-17,914995.8343188883,779032.8668185933,187864.26454099757,727131.5697778907,0.8,10
2023-08-18,909632.7270304771,769455.9559399876,187864.26454099757,721768.4624894796,0.8,10
2023-08-21,897649.8574747008,758384.0977526926,187864.26454099757,709785.5929337032,0.8,10
2023-08-22,904356.6450148285,764214.4085241319,187864.26454099757,716492.380473831,0.8,10
2023-08-23,897843.6065136105,751689.7766552625,187864.26454099757,709979.3419726129,0.8,10
2023-08-24,906754.2096529307,757138.4710042995,187864.26454099757,718889.9451119332,0.8,10
2023-08-25,909212.3137127354,754235.2010983526,187864.26454099757,721348.0491717379,0.8,10
2023-08-28,916086.6627083755,763074.114171329,187864.26454099757,728222.3981673779,0.8,10
2023-08-29,914098.2199577807,770696.9464362196,187864.26454099757,726233.9554167831,0.8,10
2023-08-30,912487.6425712507,770372.2054405484,187864.26454099757,724623.3780302531,0.8,10
2023-08-31,911829.8697134899,765646.095392149,187864.26454099757,723965.6051724923,0.8,10
2023-09-01,911100.4058177194,770978.4767483718,181636.51004692743,729463.895770792,0.8,10
2023-09-04,920486.1750809508,782662.7472441598,181636.51004692743,738849.6650340235,0.8,10
2023-09-05,913173.6066235339,776840.1228907772,181636.51004692743,731537.0965766064,0.8,10
2023-09-06,909958.848642898,775154.5808824996,181636.51004692743,728322.3385959705,0.8,10
2023-09-07,898493.8344532405,764264.7769302859,181636.51004692743,716857.3244063131,0.8,10
2023-09-08,896192.2802416759,760506.5455238378,181636.51004692743,714555.7701947485,0.8,10
2023-09-11,903102.6108116421,766107.524488816,181636.51004692743,721466.1007647146,0.8,10
2023-09-12,904151.9421720447,764697.9004874429,181636.51004692743,722515.4321251173,0.8,10
2023-09-13,900239.0230902771,759827.0905689623,181636.51004692743,718602.5130433497,0.8,10
2023-09-14,905341.441426662,759187.8571350285,181636.51004692743,723704.9313797345,0.8,10
2023-09-15,905937.7773865724,754158.9266165264,181636.51004692743,724301.2673396451,0.8,10
2023-09-18,907589.9648139747,758009.1306919425,181636.51004692743,725953.4547670472,0.8,10
2023-09-19,910544.4743167285,756543.2412970176,181636.51004692743,728907.964269801,0.8,10
2023-09-20,912664.3481906301,753531.2431441167,181636.51004692743,731027.8381437026,0.8,10
2023-09-21,907693.6933278216,746771.0587977836,181636.51004692743,726057.1832808942,0.8,10
2023-09-22,918223.3057893347,760291.0004672244,181636.51004692743,736586.7957424073,0.8,10
2023-09-25,921557.7768388239,755343.8347291604,181636.51004692743,739921.2667918965,0.8,10
2023-09-26,917205.8257782669,750929.0449464923,181636.51004692743,735569.3157313394,0.8,10
2023-09-27,921579.9902219579,752474.9096911964,181636.51004692743,739943.4801750304,0.8,10
2023-09-28,920842.9936974908,750242.635613375,181636.51004692743,739206.4836505633,0.8,10
2023-10-09,920106.3193025328,749268.615970754,183431.92434454028,736674.3949579926,0.8,10
2023-10-10,917305.0120370565,743656.0463753729,183431.92434454028,733873.0876925162,0.8,10
2023-10-11,918919.2299680489,745775.3829773047,183431.92434454028,735487.3056235085,0.8,10
2023-10-12,928419.2261372653,752858.7018986043,183431.92434454028,744987.301792725,0.8,10
2023-10-13,926421.0607276564,744933.9642133797,183431.92434454028,742989.1363831161,0.8,10
2023-10-16,924630.5934350784,737448.2064038315,183431.92434454028,741198.669090538,0.8,10
2023-10-17,928593.5579069059,740051.9500188429,183431.92434454028,745161.6335623657,0.8,10
2023-10-18,927368.6439281635,734190.5275552699,183431.92434454028,743936.7195836232,0.8,10
2023-10-19,909340.7335018779,718526.4616023868,183431.92434454028,725908.8091573375,0.8,10
2023-10-20,906060.5956447921,713858.5690537123,183431.92434454028,722628.6713002517,0.8,10
2023-10-23,903970.6827545261,706467.9967545422,183431.92434454028,720538.7584099859,0.8,10
2023-10-24,903309.7334064736,709088.3739409036,183431.92434454028,719877.8090619334,0.8,10
2023-10-25,900431.8225355472,712611.8035767181,183431.92434454028,716999.8981910069,0.8,10
2023-10-26,905931.5149175695,714581.6413808931,183431.92434454028,722499.5905730291,0.8,10
2023-10-27,907452.5450452182,724391.0359040517,183431.92434454028,724020.620700678,0.8,10
2023-10-30,900049.1561305763,728739.9014344991,183431.92434454028,716617.2317860359,0.8,10
2023-10-31,898319.1961101044,726448.9828337274,183431.92434454028,714887.2717655641,0.8,10
2023-11-01,897600.5407532167,726148.2771453124,178945.18386513292,718655.3568880837,0.8,10
2023-11-02,899457.3808806103,722724.3845898869,178945.18386513292,720512.1970154775,0.8,10
2023-11-03,898832.0458672955,728814.0408001984,178945.18386513292,719886.8620021625,0.8,10
2023-11-06,897864.9593730606,738670.5502192226,178945.18386513292,718919.7755079278,0.8,10
2023-11-07,898161.2118433148,736057.7577787212,178945.18386513292,719216.0279781818,0.8,10
2023-11-08,898463.4860361938,734291.3050364562,178945.18386513292,719518.3021710608,0.8,10
2023-11-09,896486.5034665633,734647.9711018336,178945.18386513292,717541.3196014303,0.8,10
2023-11-10,889788.1861136819,729292.4898225623,178945.18386513292,710843.002248549,0.8,10
2023-11-13,885769.3047570484,727853.7875729856,178945.18386513292,706824.1208919154,0.8,10
2023-11-14,885839.8743557993,728391.4911514788,178945.18386513292,706894.6904906663,0.8,10
2023-11-15,889474.83609505,733513.1263787638,178945.18386513292,710529.6522299171,0.8,10
2023-11-16,886762.1916472635,726420.2096021132,178945.18386513292,707817.0077821305,0.8,10
2023-11-17,884956.1789651786,725546.7234274071,178945.18386513292,706010.9951000456,0.8,10
2023-11-20,889658.0440566621,727225.2907230038,178945.18386513292,710712.8601915293,0.8,10
2023-11-21,890693.8902802982,728189.9768579846,178945.18386513292,711748.7064151652,0.8,10
2023-11-22,886838.7847329145,720737.1608401076,178945.18386513292,707893.6008677817,0.8,10
2023-11-23,887822.8593863784,724215.2040073974,178945.18386513292,708877.6755212455,0.8,10
2023-11-24,887636.313447925,719434.231641758,178945.18386513292,708691.1295827922,0.8,10
2023-11-27,883351.9427463964,714133.7956896804,178945.18386513292,704406.7588812634,0.8,10
2023-11-28,883193.0952855276,715471.9644713423,178945.18386513292,704247.9114203948,0.8,10
2023-11-29,877297.1214706025,709327.7306259411,178945.18386513292,698351.9376054695,0.8,10
2023-11-30,882285.5954933316,710933.2362811215,178945.18386513292,703340.4116281986,0.8,10
2023-12-01,881579.7670169371,708224.383949352,175751.29062227183,705828.4763946653,0.8,10
2023-12-04,880638.3864061884,703599.661415318,175751.29062227183,704887.0957839165,0.8,10
2023-12-05,869317.0731191706,690203.1497924473,175751.29062227183,693565.7824968988,0.8,10
2023-12-06,866779.5610264526,691289.1918611894,175751.29062227183,691028.2704041807,0.8,10
2023-12-07,865659.7329298145,689598.2408920571,175751.29062227183,689908.4423075427,0.8,10
2023-12-08,865659.1877922735,691261.4963548585,175751.29062227183,689907.8971700016,0.8,10
2023-12-11,869208.4479178074,695326.9608047379,175751.29062227183,693457.1572955356,0.8,10
2023-12-12,874245.6814641939,696821.1760736122,175751.29062227183,698494.390841922,0.8,10
2023-12-13,866045.6733393257,685190.2834809949,175751.29062227183,690294.3827170539,0.8,10
2023-12-14,864782.9261125319,681603.0647090864,175751.29062227183,689031.6354902601,0.8,10
2023-12-15,861031.5587166873,679485.8022199636,175751.29062227183,685280.2680944154,0.8,10
2023-12-18,867157.0034679975,677007.8474464813,175751.29062227183,691405.7128457257,0.8,10
2023-12-19,867042.4901536127,677958.5841561003,175751.29062227183,691291.1995313409,0.8,10
2023-12-20,865723.0050520889,670528.5833791214,175751.29062227183,689971.714429817,0.8,10
2023-12-21,869455.0209750065,677313.6977480402,175751.29062227183,693703.7303527347,0.8,10
2023-12-22,870933.16554989,678606.6224022524,175751.29062227183,695181.8749276182,0.8,10
2023-12-25,873010.7234424675,680685.351128896,175751.29062227183,697259.4328201957,0.8,10
2023-12-26,871908.6251578354,676077.4451761657,175751.29062227183,696157.3345355636,0.8,10
2023-12-27,874863.660449446,678429.5297703613,175751.29062227183,699112.3698271741,0.8,10
2023-12-28,878886.5862829145,694327.6247851845,175751.29062227183,703135.2956606427,0.8,10
2023-12-29,887241.9605496866,697696.9600399596,175751.29062227183,711490.6699274147,0.8,10
2024-01-02,886532.1669812469,688595.7326999725,176738.59854149772,709793.5684397492,0.8,10
2024-01-03,888314.255213686,686957.7732796642,176738.59854149772,711575.6566721883,0.8,10
2024-01-04,891590.8341720059,680604.2370505155,176738.59854149772,714852.2356305082,0.8,10
2024-01-05,895522.200344858,676956.1369673335,176738.59854149772,718783.6018033603,0.8,10
2024-01-08,892030.0686868634,668201.1441253611,176738.59854149772,715291.4701453657,0.8,10
2024-01-09,894434.339109774,669511.2920496633,176738.59854149772,717695.7405682763,0.8,10
2024-01-10,892375.2973031114,666385.8073910115,176738.59854149772,715636.6987616137,0.8,10
2024-01-11,888500.1741608478,670156.3614676772,176738.59854149772,711761.5756193501,0.8,10
2024-01-12,893068.3992159591,667816.8842258495,176738.59854149772,716329.8006744614,0.8,10
2024-01-15,896011.9415846771,667156.5843127975,176738.59854149772,719273.3430431794,0.8,10
2024-01-16,902179.9643732683,671214.6673612099,176738.59854149772,725441.3658317706,0.8,10
2024-01-17,893113.8266409656,656615.7193390258,176738.59854149772,716375.2280994679,0.8,10
2024-01-18,897002.9309955101,665897.6995099786,176738.59854149772,720264.3324540124,0.8,10
2024-01-19,898610.0471112846,664890.6770723686,176738.59854149772,721871.4485697869,0.8,10
2024-01-22,895241.4835213049,654545.5920802077,176738.59854149772,718502.8849798072,0.8,10
2024-01-23,893760.2285018022,657195.4338691194,176738.59854149772,717021.6299603045,0.8,10
2024-01-24,904968.0471531214,666381.7201687116,176738.59854149772,728229.4486116237,0.8,10
2024-01-25,911969.5164197698,679763.8146741163,176738.59854149772,735230.9178782721,0.8,10
2024-01-26,919953.9715375443,677913.8687240727,176738.59854149772,743215.3729960466,0.8,10
2024-01-29,929749.7470273639,671841.8221381975,176738.59854149772,753011.1484858661,0.8,10
2024-01-30,925043.6654901395,659860.4248153119,176738.59854149772,748305.0669486418,0.8,10
2024-01-31,925440.580153623,653823.7601538243,176738.59854149772,748701.9816121253,0.8,10
2024-02-01,924700.2276895002,654303.4699114249,184347.76356660196,740352.4641228983,0.8,10
2024-02-02,924287.5926397173,646559.4443882875,184347.76356660196,739939.8290731153,0.8,10
2024-02-05,935182.045539052,650787.8283658637,184347.76356660196,750834.28197245,0.8,10
2024-02-06,944856.2389922133,673414.0403162388,184347.76356660196,760508.4754256113,0.8,10
2024-02-07,946419.2330012647,679908.4738753189,184347.76356660196,762071.4694346627,0.8,10
2024-02-08,944095.4098167929,684239.5874402546,184347.76356660196,759747.6462501909,0.8,10
2024-02-19,954831.6018558803,692145.2310869736,184347.76356660196,770483.8382892784,0.8,10
2024-02-20,962889.2006127152,693578.077018031,184347.76356660196,778541.4370461132,0.8,10
2024-02-21,974385.3475830744,702935.3962866019,184347.76356660196,790037.5840164725,0.8,10
2024-02-22,978070.8374556939,708995.7505698777,184347.76356660196,793723.073889092,0.8,10
2024-02-23,980709.3488321514,709619.3874888661,184347.76356660196,796361.5852655495,0.8,10
2024-02-26,967755.5173790597,702221.0881027607,184347.76356660196,783407.7538124578,0.8,10
2024-02-27,970854.9972178012,710645.4226272246,184347.76356660196,786507.2336511993,0.8,10
2024-02-28,966693.1546024908,701590.9848320739,184347.76356660196,782345.3910358888,0.8,10
2024-02-29,971702.6879896256,714975.6821457096,184347.76356660196,787354.9244230236,0.8,10
2024-03-01,970925.3258392338,719392.566375626,193563.1754475332,777362.1503917007,0.8,10
2024-03-04,991440.9148076784,720015.7762713889,193563.1754475332,797877.7393601452,0.8,10
2024-03-05,1000203.1178047447,725027.341178726,193563.1754475332,806639.9423572116,0.8,10
2024-03-06,989173.5434217148,722085.7205202533,193563.1754475332,795610.3679741815,0.8,10
2024-03-07,994150.7762909785,717748.6692990413,193563.1754475332,800587.6008434454,0.8,10
2024-03-08,1021327.5363816405,720837.5519669473,193563.1754475332,827764.3609341072,0.8,10
2024-03-11,1024573.161142573,729856.6078377103,193563.1754475332,831009.9856950399,0.8,10
2024-03-12,1003097.7971052963,731530.2135301171,193563.1754475332,809534.6216577631,0.8,10
2024-03-13,1007864.4285596905,726419.579234495,193563.1754475332,814301.2531121573,0.8,10
2024-03-14,1008988.3841225426,724358.0534435022,193563.1754475332,815425.2086750094,0.8,10
2024-03-15,1020563.267565456,725938.0597117963,193563.1754475332,827000.0921179228,0.8,10
2024-03-18,1035301.2701312236,732757.2139321085,193563.1754475332,841738.0946836905,0.8,10
2024-03-19,1028153.9336341964,727491.0618446959,193563.1754475332,834590.7581866632,0.8,10
2024-03-20,1022187.7935215028,729067.6925960659,193563.1754475332,828624.6180739696,0.8,10
2024-03-21,1015779.9548879114,728194.6131101458,193563.1754475332,822216.7794403783,0.8,10
2024-03-22,1014511.904429079,720856.3409888634,193563.1754475332,820948.7289815458,0.8,10
2024-03-25,1011330.257266752,716944.2185457691,193563.1754475332,817767.0818192188,0.8,10
2024-03-26,1003289.4481610169,720601.021768973,193563.1754475332,809726.2727134837,0.8,10
2024-03-27,995788.8528321392,712272.0150959623,193563.1754475332,802225.6773846061,0.8,10
2024-03-28,1008349.0968385849,715968.4501413681,193563.1754475332,814785.9213910517,0.8,10
2024-03-29,1009120.4610177921,719327.5978420523,193563.1754475332,815557.285570259,0.8,10
2024-04-01,1008313.1646489779,731154.5754328698,201016.79583474412,807296.3688142338,0.8,10
2024-04-02,1007397.1207036027,728110.3675281128,201016.79583474412,806380.3248688586,0.8,10
2024-04-03,1008630.5022137921,725492.7558254966,201016.79583474412,807613.706379048,0.8,10
2024-04-08,1003295.0425833187,719108.6772685146,201016.79583474412,802278.2467485745,0.8,10
2024-04-09,994940.6607600433,718514.7896342267,201016.79583474412,793923.8649252992,0.8,10
2024-04-10,998783.1508983112,712662.843019369,201016.79583474412,797766.355063567,0.8,10
2024-04-11,996217.5267657908,712568.5115554417,201016.79583474412,795200.7309310467,0.8,10
2024-04-12,993916.8153638435,706792.3513958668,201016.79583474412,792900.0195290993,0.8,10
2024-04-15,1011772.1195683929,721684.6847083166,201016.79583474412,810755.3237336488,0.8,10
2024-04-16,1012448.1820847944,713965.4672011288,201016.79583474412,811431.3862500503,0.8,10
2024-04-17,1019723.3983460185,725004.7089477816,201016.79583474412,818706.6025112744,0.8,10
2024-04-18,1028966.3038776731,725899.1802638487,201016.79583474412,827949.508042929,0.8,10
2024-04-19,1029344.431353817,720177.0893783809,201016.79583474412,828327.6355190729,0.8,10
2024-04-22,1022731.4365430163,717989.6324047835,201016.79583474412,821714.6407082722,0.8,10
2024-04-23,1018434.1012186918,712971.1741225227,201016.79583474412,817417.3053839477,0.8,10
2024-04-24,1021022.0820735605,716102.0677420291,201016.79583474412,820005.2862388163,0.8,10
2024-04-25,1027302.8037085899,717862.9081790464,201016.79583474412,826286.0078738458,0.8,10
2024-04-26,1032450.1621091372,728840.9229289572,201016.79583474412,831433.366274393,0.8,10
2024-04-29,1033054.6368596412,736902.2673774203,201016.79583474412,832037.8410248971,0.8,10
2024-04-30,1036614.6051485603,732933.3711797917,201016.79583474412,835597.8093138161,0.8,10
2024-05-06,1035785.3134644416,743808.717345661,206493.62934559336,829291.6841188482,0.8,10
2024-05-07,1031496.8606000501,744038.6795197404,206493.62934559336,825003.2312544567,0.8,10
2024-05-08,1032442.7136622015,738185.5535074031,206493.62934559336,825949.0843166081,0.8,10
2024-05-09,1034518.4934240925,745167.9322720018,206493.62934559336,828024.8640784991,0.8,10
2024-05-10,1032304.2163611944,745516.891584883,206493.62934559336,825810.587015601,0.8,10
2024-05-13,1034134.8557808578,745194.3060397779,206493.62934559336,827641.2264352645,0.8,10
2024-05-14,1017944.2575967101,743639.677151734,206493.62934559336,811450.6282511167,0.8,10
2024-05-15,1018579.0567334513,737338.1360838835,206493.62934559336,812085.4273878579,0.8,10
2024-05-16,1028519.5123085558,740246.6319407313,206493.62934559336,822025.8829629624,0.8,10
2024-05-17,1032566.3300577531,747894.4959004042,206493.62934559336,826072.7007121597,0.8,10
2024-05-20,1038314.739884351,750536.488595745,206493.62934559336,831821.1105387576,0.8,10
2024-05-21,1037599.7117156485,747526.7475656066,206493.62934559336,831106.0823700551,0.8,10
2024-05-22,1029760.6802737197,749212.4522493987,206493.62934559336,823267.0509281263,0.8,10
2024-05-23,1024609.370949579,740537.922783749,206493.62934559336,818115.7416039857,0.8,10
2024-05-24,1013103.3161990193,732339.829230972,206493.62934559336,806609.6868534259,0.8,10
2024-05-27,1025340.6857737001,739300.8161654237,206493.62934559336,818847.0564281067,0.8,10
2024-05-28,1016263.5722316242,733904.9710241357,206493.62934559336,809769.9428860308,0.8,10
2024-05-29,1019397.5804451704,734789.4987993836,206493.62934559336,812903.951099577,0.8,10
2024-05-30,1016603.8730455077,730883.2123403694,206493.62934559336,810110.2436999143,0.8,10
2024-05-31,1014358.3760909468,727957.6152200676,206493.62934559336,807864.7467453534,0.8,10
2024-06-03,1013546.8893900743,729751.8448064205,202060.1885173167,811486.7008727576,0.8,10
2024-06-04,1019410.5703038046,735226.5062344476,202060.1885173167,817350.3817864879,0.8,10
2024-06-05,1015114.5745860261,730981.122665614,202060.1885173167,813054.3860687094,0.8,10
2024-06-06,1012558.62276188,730462.960483291,202060.1885173167,810498.4342445633,0.8,10
2024-06-07,1009587.8940701766,726776.1029587972,202060.1885173167,807527.7055528599,0.8,10
2024-06-11,1001230.3022685116,720424.1934847928,202060.1885173167,799170.1137511949,0.8,10
2024-06-12,999233.6557093429,720677.4385918743,202060.1885173167,797173.4671920262,0.8,10
2024-06-13,999403.1664700352,717018.8866068902,202060.1885173167,797342.9779527185,0.8,10
2024-06-14,1004119.6989528039,720150.8986205584,202060.1885173167,802059.5104354871,0.8,10
2024-06-17,999924.493391057,719066.1579559317,202060.1885173167,797864.3048737403,0.8,10
2024-06-18,999739.8358273914,720975.8871575266,202060.1885173167,797679.6473100747,0.8,10
2024-06-19,1002113.0714841383,717551.323565604,202060.1885173167,800052.8829668215,0.8,10
2024-06-20,997270.7130365024,712372.6909049522,202060.1885173167,795210.5245191857,0.8,10
2024-06-21,996107.8388224434,710814.686499984,202060.1885173167,794047.6503051267,0.8,10
2024-06-24,1002458.2485210561,706989.8598048182,202060.1885173167,800398.0600037394,0.8,10
2024-06-25,999487.4070348584,703145.0443558175,202060.1885173167,797427.2185175417,0.8,10
2024-06-26,1002762.7816340833,707692.3333449849,202060.1885173167,800702.5931167665,0.8,10
2024-06-27,1003158.1584517937,702375.4264970717,202060.1885173167,801097.969934477,0.8,10
2024-06-28,1000602.1926032159,703908.5415483329,202060.1885173167,798542.0040858992,0.8,10
2024-07-01,999801.7108491333,707268.949984254,199319.95676656062,800481.7540825728,0.8,10
2024-07-02,1004240.2685203033,705968.1559020313,199319.95676656062,804920.3117537426,0.8,10
2024-07-03,1001277.6833906216,704265.8379813286,199319.95676656062,801957.7266240609,0.8,10
2024-07-04,1004779.9747777511,700686.7123162629,199319.95676656062,805460.0180111905,0.8,10
2024-07-05,993057.756188764,697686.9148269439,199319.95676656062,793737.7994222033,0.8,10
2024-07-08,998469.0355173245,691728.9037766808,199319.95676656062,799149.0787507638,0.8,10
2024-07-09,1006806.900360055,699466.3002726055,199319.95676656062,807486.9435934945,0.8,10
2024-07-10,1005397.3109016344,697260.9489924214,199319.95676656062,806077.3541350738,0.8,10
2024-07-11,1005600.7259017441,705232.7202357543,199319.95676656062,806280.7691351835,0.8,10
2024-07-12,1015402.4459973769,706093.3550448208,199319.95676656062,816082.4892308164,0.8,10
2024-07-15,1022160.849144849,706875.275239345,199319.95676656062,822840.8923782883,0.8,10
2024-07-16,1019749.9645266624,711356.1722841876,199319.95676656062,820430.0077601018,0.8,10
2024-07-17,1019816.6833161574,712027.3917911456,199319.95676656062,820496.7265495968,0.8,10
2024-07-18,1021051.7986059966,715961.5771008836,199319.95676656062,821731.841839436,0.8,10
2024-07-19,1020731.8391331683,719638.9791111015,199319.95676656062,821411.8823666078,0.8,10
2024-07-22,1019502.0386951386,714740.2703418969,199319.95676656062,820182.0819285781,0.8,10
2024-07-23,1013649.7535896748,699479.88367806,199319.95676656062,814329.7968231142,0.8,10
2024-07-24,1009331.3736223648,695064.9515543167,199319.95676656062,810011.4168558043,0.8,10
2024-07-25,1004547.0607717703,691222.820251304,199319.95676656062,805227.1040052096,0.8,10
2024-07-26,1002535.7718603639,693260.6360860694,199319.95676656062,803215.8150938033,0.8,10
2024-07-29,1004133.3633878855,689488.3739165023,199319.95676656062,804813.406621325,0.8,10
2024-07-30,998237.1892572613,685144.9580157881,199319.95676656062,798917.2324907008,0.8,10
2024-07-31,1004644.8595010052,699928.5630812842,199319.95676656062,805324.9027344445,0.8,10
2024-08-01,1003841.1436134044,695288.6913899693,200125.25601260032,803715.8876008041,0.8,10
2024-08-02,999092.7365784466,688197.1166863128,200125.25601260032,798967.4805658463,0.8,10
2024-08-05,997695.7271323286,679845.4777823577,200125.25601260032,797570.4711197283,0.8,10
2024-08-06,996709.7915299842,679776.0153376982,200125.25601260032,796584.535517384,0.8,10
2024-08-07,994980.9256005497,679473.0525265206,200125.25601260032,794855.6695879493,0.8,10
2024-08-08,996069.528274528,679767.4748731909,200125.25601260032,795944.2722619276,0.8,10
2024-08-09,994786.150907971,677467.7514602008,200125.25601260032,794660.8948953706,0.8,10
2024-08-12,994017.6307104074,676295.8980575994,200125.25601260032,793892.374697807,0.8,10
2024-08-13,997274.9609073694,678029.5716837075,200125.25601260032,797149.704894769,0.8,10
2024-08-14,991976.4952914743,672915.1755168145,200125.25601260032,791851.2392788739,0.8,10
2024-08-15,1002057.8077168695,679567.4043248872,200125.25601260032,801932.5517042691,0.8,10
2024-08-16,1008850.7472850652,680315.9150356362,200125.25601260032,808725.491272465,0.8,10
2024-08-19,1015022.9063094163,682620.5593829376,200125.25601260032,814897.6502968159,0.8,10
2024-08-20,1016599.6853296242,677686.5500271028,200125.25601260032,816474.429317024,0.8,10
2024-08-21,1010058.6105660475,675435.8529472727,200125.25601260032,809933.3545534472,0.8,10
2024-08-22,1010712.6466541598,673707.5679475797,200125.25601260032,810587.3906415595,0.8,10
2024-08-23,1022073.6127423532,676565.5327227593,200125.25601260032,821948.3567297528,0.8,10
2024-08-26,1027451.4718549249,675962.1285708776,200125.25601260032,827326.2158423245,0.8,10
2024-08-27,1027524.1269538584,672121.0953275871,200125.25601260032,827398.870941258,0.8,10
2024-08-28,1019316.8651025561,668290.4529827806,200125.25601260032,819191.6090899558,0.8,10
2024-08-29,1008842.9705927123,666498.0941648436,200125.25601260032,808717.714580112,0.8,10
2024-08-30,1005201.7511583813,675394.6350388052,200125.25601260032,805076.495145781,0.8,10
2024-09-02,1004397.5897574543,663921.6800362555,200236.18883074936,804161.400926705,0.8,10
2024-09-03,995883.9351927359,665633.2704612804,200236.18883074936,795647.7463619865,0.8,10
2024-09-04,991493.2781583662,661309.4976289332,200236.18883074936,791257.0893276168,0.8,10
2024-09-05,978376.1527764101,662446.7824847192,200236.18883074936,778139.9639456607,0.8,10
2024-09-06,976354.0250240382,657076.0300415313,200236.18883074936,776117.8361932888,0.8,10
2024-09-09,966652.723910244,649268.8050810396,200236.18883074936,766416.5350794946,0.8,10
2024-09-10,969222.2886028936,649838.9014213427,200236.18883074936,768986.0997721442,0.8,10
2024-09-11,970546.3327795672,647881.6506350964,200236.18883074936,770310.1439488179,0.8,10
2024-09-12,974223.3572663637,645104.9422793724,200236.18883074936,773987.1684356143,0.8,10
2024-09-13,976155.6529280578,642415.1636516692,200236.18883074936,775919.4640973085,0.8,10
2024-09-18,980246.9118665187,644807.1444157776,200236.18883074936,780010.7230357693,0.8,10
2024-09-19,979056.8279447436,649895.939523588,200236.18883074936,778820.6391139942,0.8,10
2024-09-20,983851.2503441607,650915.5083102481,200236.18883074936,783615.0615134113,0.8,10
2024-09-23,990290.0082384945,653297.525199098,200236.18883074936,790053.8194077451,0.8,10
2024-09-24,1020857.1908599023,681591.901101909,200236.18883074936,820621.0020291529,0.8,10
2024-09-25,1033682.7870103635,691682.6632617054,200236.18883074936,833446.5981796142,0.8,10
2024-09-26,1055992.0506032074,720921.0248402867,200236.18883074936,855755.8617724581,0.8,10
2024-09-27,1079489.8124455696,753123.5579705279,200236.18883074936,879253.6236148202,0.8,10
2024-09-30,1154339.474685599,817008.1845914851,200236.18883074936,954103.2858548498,0.8,10
2024-10-08,1153416.0031058504,865453.298472784,229944.42335737124,923471.5797484793,0.8,10
2024-10-09,1099679.4904342152,804427.1449879888,229944.42335737124,869735.0670768439,0.8,10
2024-10-10,1122037.9470760578,812927.7539942786,229944.42335737124,892093.5237186865,0.8,10
2024-10-11,1110507.3685763357,790433.6142271775,229944.42335737124,880562.9452189646,0.8,10
2024-10-14,1131297.1957652918,805516.7659180482,229944.42335737124,901352.7724079204,0.8,10
2024-10-15,1107781.7895111546,784094.9424731596,229944.42335737124,877837.3661537834,0.8,10
2024-10-16,1113573.57287201,779132.1395512713,229944.42335737124,883629.1495146387,0.8,10
2024-10-17,1100132.1158394723,770313.6422553553,229944.42335737124,870187.692482101,0.8,10
2024-10-18,1116187.0926566024,798174.3252367086,229944.42335737124,886242.6692992311,0.8,10
2024-10-21,1105045.7654876937,800200.326762239,229944.42335737124,875101.3421303226,0.8,10
2024-10-22,1110163.1597889566,804791.4568025441,229944.42335737124,880218.7364315854,0.8,10
2024-10-23,1111996.1847522547,807929.7521579568,229944.42335737124,882051.7613948836,0.8,10
2024-10-24,1108032.2898195328,798906.2430449863,229944.42335737124,878087.8664621615,0.8,10
2024-10-25,1108467.9440277903,804516.0268221828,229944.42335737124,878523.520670419,0.8,10
2024-10-28,1101884.2392194723,806089.0787122354,229944.42335737124,871939.815862101,0.8,10
2024-10-29,1098865.372935562,798055.3687667851,229944.42335737124,868920.9495781907,0.8,10
2024-10-30,1087633.4881909625,790897.5851287575,229944.42335737124,857689.0648335911,0.8,10
2024-10-31,1079464.9800455645,791221.0857236314,229944.42335737124,849520.5566881932,0.8,10
2024-11-01,1078601.4080615286,791013.8167838145,215029.42402507667,863571.9840364518,0.8,10
2024-11-04,1084101.1089810624,802145.214209389,215029.42402507667,869071.6849559858,0.8,10
2024-11-05,1093700.2077158904,822441.1400845015,215029.42402507667,878670.7836908137,0.8,10
2024-11-06,1085597.1290524974,818315.4043565276,215029.42402507667,870567.7050274209,0.8,10
2024-11-07,1104077.472980036,843003.8741377105,215029.42402507667,889048.0489549591,0.8,10
2024-11-08,1094069.7120884957,834534.9461878547,215029.42402507667,879040.288063419,0.8,10
2024-11-11,1081901.461540194,840042.3663975993,215029.42402507667,866872.0375151173,0.8,10
2024-11-12,1069870.6301725914,830812.9304178058,215029.42402507667,854841.2061475147,0.8,10
2024-11-13,1074504.5937055955,835926.4522038088,215029.42402507667,859475.1696805187,0.8,10
2024-11-14,1073899.933680361,821433.893968059,215029.42402507667,858870.5096552842,0.8,10
2024-11-15,1064825.8095470024,807039.4900708256,215029.42402507667,849796.3855219256,0.8,10
2024-11-18,1072927.691511156,803287.7453505151,215029.42402507667,857898.2674860792,0.8,10
2024-11-19,1072309.2706608933,808678.5272164168,215029.42402507667,857279.8466358166,0.8,10
2024-11-20,1070238.8320013057,810484.5304431263,215029.42402507667,855209.4079762289,0.8,10
2024-11-21,1071654.4007013154,811201.360097441,215029.42402507667,856624.9766762387,0.8,10
2024-11-22,1052660.577653496,786068.1964631374,215029.42402507667,837631.1536284194,0.8,10
2024-11-25,1050615.094391152,782487.7083906383,215029.42402507667,835585.6703660754,0.8,10
2024-11-26,1057539.0505516035,780880.0269504525,215029.42402507667,842509.6265265269,0.8,10
2024-11-27,1065313.686871436,794475.6330685402,215029.42402507667,850284.2628463593,0.8,10
2024-11-28,1060401.8459725191,787461.4309064322,215029.42402507667,845372.4219474425,0.8,10
2024-11-29,1059015.616495706,796415.2335614715,215029.42402507667,843986.1924706292,0.8,10
2024-12-02,1058168.4040025095,802728.8329518287,210955.9108059446,847212.4931965648,0.8,10
2024-12-03,1066460.3900950733,803594.9173906286,210955.9108059446,855504.4792891288,0.8,10
2024-12-04,1068535.0163759291,799256.6867719368,210955.9108059446,857579.1055699846,0.8,10
2024-12-05,1065176.9115727462,797432.9519141549,210955.9108059446,854221.0007668016,0.8,10
2024-12-06,1076278.8572041157,807915.8434014734,210955.9108059446,865322.9463981711,0.8,10
2024-12-09,1078088.921591952,806579.9317425742,210955.9108059446,867133.0107860073,0.8,10
2024-12-10,1088162.311359922,812490.3602048679,210955.9108059446,877206.4005539772,0.8,10
2024-12-11,1082931.5489107398,811106.377931456,210955.9108059446,871975.6381047951,0.8,10
2024-12-12,1095430.1840348518,819173.8633805887,210955.9108059446,884474.2732289074,0.8,10
2024-12-13,1078031.3619837032,799790.2624592516,210955.9108059446,867075.4511777586,0.8,10
2024-12-16,1085672.8886077492,795451.0557874732,210955.9108059446,874716.9778018045,0.8,10
2024-12-17,1091339.301190299,797523.5011723719,210955.9108059446,880383.3903843544,0.8,10
2024-12-18,1097596.5722658923,801561.2294470416,210955.9108059446,886640.6614599477,0.8,10
2024-12-19,1090921.8822143376,802287.8806355398,210955.9108059446,879965.971408393,0.8,10
2024-12-20,1086128.1427648333,798684.739997657,210955.9108059446,875172.2319588887,0.8,10
2024-12-23,1099189.9896809966,799869.770116927,210955.9108059446,888234.078875052,0.8,10
2024-12-24,1111103.9264625139,810060.6590558521,210955.9108059446,900148.0156565693,0.8,10
2024-12-25,1113889.2105688367,810455.330188287,210955.9108059446,902933.2997628921,0.8,10
2024-12-26,1110345.639590258,810831.7206597883,210955.9108059446,899389.7287843134,0.8,10
2024-12-27,1111830.7461916595,809520.2713313707,210955.9108059446,900874.8353857148,0.8,10
2024-12-30,1116487.4546431722,813185.3913402496,210955.9108059446,905531.5438372276,0.8,10
2024-12-31,1112761.112740267,800142.0685936353,210955.9108059446,901805.2019343225,0.8,10
2025-01-02,1111870.9038500753,776855.9430845551,221662.01365786127,890208.8901922139,0.8,10
2025-01-03,1104933.5564765146,767658.594849982,221662.01365786127,883271.5428186533,0.8,10
2025-01-06,1106312.7094300983,766398.8560007124,221662.01365786127,884650.695772237,0.8,10
2025-01-07,1106895.2162098857,771916.7687811372,221662.01365786127,885233.2025520243,0.8,10
2025-01-08,1115887.780662994,770515.6852442714,221662.01365786127,894225.7670051327,0.8,10
2025-01-09,1113077.3560430193,768616.855302143,221662.01365786127,891415.342385158,0.8,10
2025-01-10,1105249.4373685247,758979.0021089456,221662.01365786127,883587.4237106633,0.8,10
2025-01-13,1095166.8418002403,756952.1465369646,221662.01365786127,873504.8281423791,0.8,10
2025-01-14,1104212.6247139769,776885.2856804696,221662.01365786127,882550.6110561157,0.8,10
2025-01-15,1107279.3298271436,771900.6029018912,221662.01365786127,885617.3161692823,0.8,10
2025-01-16,1109350.8771649967,772786.6964289654,221662.01365786127,887688.8635071355,0.8,10
2025-01-17,1105695.2790228748,775218.5530285473,221662.01365786127,884033.2653650135,0.8,10
2025-01-20,1101170.4017806854,778743.2230651593,221662.01365786127,879508.388122824,0.8,10
2025-01-21,1099744.326417041,779340.6692263252,221662.01365786127,878082.3127591796,0.8,10
2025-01-22,1085235.248452967,772102.0358576282,221662.01365786127,863573.2347951059,0.8,10
2025-01-23,1097812.8508689804,773469.9945928693,221662.01365786127,876150.8372111192,0.8,10
2025-01-24,1094724.3818306285,779391.3426490686,221662.01365786127,873062.3681727672,0.8,10
2025-01-27,1105841.393500879,776181.8564216556,221662.01365786127,884179.3798430178,0.8,10
2025-02-05,1104956.720386079,771709.21515917,220283.60558537557,884673.1148007034,0.8,10
2025-02-06,1108612.44696888,781418.218555489,220283.60558537557,888328.8413835043,0.8,10
2025-02-07,1112619.1310374173,791559.2881181214,220283.60558537557,892335.5254520418,0.8,10
2025-02-10,1115296.766699135,793259.043899472,220283.60558537557,895013.1611137595,0.8,10
2025-02-11,1120766.299135785,789613.7703033531,220283.60558537557,900482.6935504094,0.8,10
2025-02-12,1125868.4643262015,797081.8981540253,220283.60558537557,905584.8587408259,0.8,10
2025-02-13,1125162.2259863,794088.2823342546,220283.60558537557,904878.6204009244,0.8,10
2025-02-14,1136250.3952160005,800975.2925785214,220283.60558537557,915966.7896306249,0.8,10
2025-02-17,1135011.5866905602,802681.3113671773,220283.60558537557,914727.9811051846,0.8,10
2025-02-18,1135545.9977631248,795642.4638646338,220283.60558537557,915262.3921777493,0.8,10
2025-02-19,1132605.4561814396,801209.4843159757,220283.60558537557,912321.8505960641,0.8,10
2025-02-20,1134017.4691097746,798918.9520695508,220283.60558537557,913733.863524399,0.8,10
2025-02-21,1132128.5174371651,808994.2803899162,220283.60558537557,911844.9118517895,0.8,10
2025-02-24,1122143.9919913332,807219.6735374907,220283.60558537557,901860.3864059577,0.8,10
2025-02-25,1110060.7599457079,798259.0181764063,220283.60558537557,889777.1543603324,0.8,10
2025-02-26,1118707.0096257874,805231.8600889718,220283.60558537557,898423.4040404117,0.8,10
2025-02-27,1125110.6181227262,806894.1191642472,220283.60558537557,904827.0125373506,0.8,10
2025-02-28,1114784.8023799993,791019.5917645765,220283.60558537557,894501.1967946237,0.8,10
2025-03-03,1113892.9745380955,790699.3446799911,222065.13263409608,891827.8419039994,0.8,10
2025-03-04,1102374.156563403,790037.8653694596,222065.13263409608,880309.0239293071,0.8,10
2025-03-05,1112041.3846893404,793565.849919678,222065.13263409608,889976.2520552442,0.8,10
2025-03-06,1117742.7058082244,804478.5911194256,222065.13263409608,895677.5731741283,0.8,10
2025-03-07,1117066.1305831245,801993.1939411585,222065.13263409608,895000.9979490284,0.8,10
2025-03-10,1107842.47970251,798899.8173621665,222065.13263409608,885777.3470684139,0.8,10
2025-03-11,1114375.1507525942,801464.7832014268,222065.13263409608,892310.0181184981,0.8,10
2025-03-12,1109920.69775216,798580.5056617891,222065.13263409608,887855.5651180638,0.8,10
2025-03-13,1112004.3851960856,795397.7185531809,222065.13263409608,889939.2525619896,0.8,10
2025-03-14,1142875.7574293804,814710.8403078936,222065.13263409608,920810.6247952842,0.8,10
2025-03-17,1142941.753984088,812724.3485979292,222065.13263409608,920876.6213499921,0.8,10
2025-03-18,1142703.160911126,814947.9805390469,222065.13263409608,920638.0282770301,0.8,10
2025-03-19,1156370.708453753,815445.1779144483,222065.13263409608,934305.575819657,0.8,10
2025-03-20,1146441.6785012137,808292.2948762926,222065.13263409608,924376.5458671176,0.8,10
2025-03-21,1126084.5998764131,796031.4006851852,222065.13263409608,904019.467242317,0.8,10
2025-03-24,1136040.2502850937,800129.4002379496,222065.13263409608,913975.1176509975,0.8,10
2025-03-25,1136257.8271290874,799610.1603303435,222065.13263409608,914192.6944949913,0.8,10
2025-03-26,1129245.1638066042,796979.1889011052,222065.13263409608,907180.031172508,0.8,10
2025-03-27,1136158.3194340498,799633.8702865711,222065.13263409608,914093.1867999537,0.8,10
2025-03-28,1131788.7179191546,796127.0945565458,222065.13263409608,909723.5852850585,0.8,10
2025-03-31,1129254.8101397306,790461.7977600518,222065.13263409608,907189.6775056344,0.8,10
2025-04-01,1128351.406291619,790538.7636128141,224947.5581798346,903403.8481117844,0.8,10
2025-04-02,1130245.066216908,789868.0728012782,224947.5581798346,905297.5080370733,0.8,10
2025-04-03,1128748.5348877483,785215.0650621736,224947.5581798346,903800.9767079137,0.8,10
2025-04-07,1085333.9633095115,729892.6201297162,224947.5581798346,860386.405129677,0.8,10
2025-04-08,1104287.7758032703,742361.3729593805,224947.5581798346,879340.2176234358,0.8,10
2025-04-09,1100795.640608048,749688.9491655895,224947.5581798346,875848.0824282134,0.8,10
2025-04-10,1108239.2663614072,759514.7129123872,224947.5581798346,883291.7081815727,0.8,10
2025-04-11,1113205.5270350564,762646.5419161016,224947.5581798346,888257.9688552218,0.8,10
2025-04-14,1116860.583597749,764400.488978195,224947.5581798346,891913.0254179145,0.8,10
2025-04-15,1129413.100060054,764826.0074550528,224947.5581798346,904465.5418802196,0.8,10
2025-04-16,1134456.3227291408,767181.8742549588,224947.5581798346,909508.7645493061,0.8,10
2025-04-17,1132388.6082991362,767060.213304608,224947.5581798346,907441.0501193015,0.8,10
2025-04-18,1137022.250827288,767121.3996324713,224947.5581798346,912074.6926474535,0.8,10
2025-04-21,1135911.3824718376,769634.2483037977,224947.5581798346,910963.8242920031,0.8,10
2025-04-22,1140663.8293278955,769445.4633693072,224947.5581798346,915716.2711480609,0.8,10
2025-04-23,1134653.0869974645,770041.3031097682,224947.5581798346,909705.5288176299,0.8,10
2025-04-24,1143657.5112770945,769527.8585173636,224947.5581798346,918709.9530972599,0.8,10
2025-04-25,1140586.6086688454,770063.9353407125,224947.5581798346,915639.0504890109,0.8,10
2025-04-28,1148003.7008870333,768970.9795626075,224947.5581798346,923056.1427071987,0.8,10
2025-04-29,1145104.4123837478,767640.6802089559,224947.5581798346,920156.8542039131,0.8,10
2025-04-30,1130793.8705339164,766724.3697050771,224947.5581798346,905846.3123540818,0.8,10
2025-05-06,1129889.2354374896,774445.742662831,225254.13901035627,904635.0964271334,0.8,10
2025-05-07,1139018.336450925,779139.8666382065,225254.13901035627,913764.1974405687,0.8,10
2025-05-08,1145042.4238006733,783464.8595369121,225254.13901035627,919788.2847903172,0.8,10
2025-05-09,1153823.3247518956,782094.3793311974,225254.13901035627,928569.1857415393,0.8,10
2025-05-12,1159657.1470416205,791133.6476346278,225254.13901035627,934403.0080312642,0.8,10
2025-05-13,1167011.9547373191,792282.279107545,225254.13901035627,941757.815726963,0.8,10
2025-05-14,1175446.2561340458,801829.8067213577,225254.13901035627,950192.1171236895,0.8,10
2025-05-15,1174184.1930014621,794507.0497772638,225254.13901035627,948930.0539911059,0.8,10
2025-05-16,1164448.6689287126,790823.7101107693,225254.13901035627,939194.5299183564,0.8,10
2025-05-19,1164741.0901204746,788395.7577235335,225254.13901035627,939486.9511101183,0.8,10
2025-05-20,1172021.7172858026,792671.1142559,225254.13901035627,946767.5782754464,0.8,10
2025-05-21,1174091.0231336667,796374.0563218826,225254.13901035627,948836.8841233106,0.8,10
2025-05-22,1179760.4525664605,795862.5231667726,225254.13901035627,954506.3135561042,0.8,10
2025-05-23,1171198.2746379548,789438.6704465136,225254.13901035627,945944.1356275984,0.8,10
2025-05-26,1166866.717740624,784931.0539484264,225254.13901035627,941612.5787302677,0.8,10
2025-05-27,1167810.6872666348,780719.8322376224,225254.13901035627,942556.5482562784,0.8,10
2025-05-28,1169539.4462226056,780077.2029523248,225254.13901035627,944285.3072122493,0.8,10
2025-05-29,1165054.6849726993,784644.9687218704,225254.13901035627,939800.5459623429,0.8,10
2025-05-30,1166153.689717691,780889.7061435608,225254.13901035627,940899.5507073347,0.8,10
2025-06-03,1165220.7667659165,783285.1844312294,232297.81499176382,932922.9517741526,0.8,10
2025-06-04,1166052.0584709125,786687.1767955255,232297.81499176382,933754.2434791487,0.8,10
2025-06-05,1165284.7842719918,788479.2102624336,232297.81499176382,932986.9692802279,0.8,10
2025-06-06,1160001.4718711362,787752.9454282823,232297.81499176382,927703.6568793724,0.8,10
2025-06-09,1163775.7114095788,790042.9693137247,232297.81499176382,931477.896417815,0.8,10
2025-06-10,1161791.2512764297,786020.6748784861,232297.81499176382,929493.4362846658,0.8,10
2025-06-11,1167975.815487588,791950.1973792852,232297.81499176382,935678.0004958241,0.8,10
2025-06-12,1167420.3693492904,791456.8838817908,232297.81499176382,935122.5543575265,0.8,10
2025-06-13,1162971.9266421387,785759.7840222266,232297.81499176382,930674.1116503748,0.8,10
2025-06-16,1169357.4110301107,787714.5133379992,232297.81499176382,937059.5960383469,0.8,10
2025-06-17,1167725.9689506248,787019.787219207,232297.81499176382,935428.153958861,0.8,10
2025-06-18,1167303.717583529,787953.5853408865,232297.81499176382,935005.902591765,0.8,10
2025-06-19,1161755.9937154718,781471.0474287986,232297.81499176382,929458.1787237079,0.8,10
2025-06-20,1168343.0007630675,782193.5503916789,232297.81499176382,936045.1857713037,0.8,10
2025-06-23,1176668.5357980723,784482.6592273527,232297.81499176382,944370.7208063086,0.8,10
2025-06-24,1191624.9651734275,793863.464773319,232297.81499176382,959327.1501816636,0.8,10
2025-06-25,1205294.7558649206,805257.2578036614,232297.81499176382,972996.9408731568,0.8,10
2025-06-26,1203437.6293824674,802400.9401180655,232297.81499176382,971139.8143907036,0.8,10
2025-06-27,1185895.742660383,797467.4594576524,232297.81499176382,953597.9276686191,0.8,10
2025-06-30,1187898.014629252,800379.6155135748,232297.81499176382,955600.1996374882,0.8,10
2025-07-01,1186947.696217549,801738.5457577653,236629.28451414718,950318.4117034018,0.8,10
2025-07-02,1192779.3076512057,801926.2122980941,236629.28451414718,956150.0231370585,0.8,10
2025-07-03,1191469.2000966384,806884.2976300637,236629.28451414718,954839.9155824913,0.8,10
2025-07-04,1202695.3788581793,809758.7333010788,236629.28451414718,966066.0943440322,0.8,10
2025-07-07,1201046.010495257,806296.0223010236,236629.28451414718,964416.7259811099,0.8,10
2025-07-08,1202056.109947371,813062.9373467659,236629.28451414718,965426.825433224,0.8,10
2025-07-09,1202453.9951800513,811628.9323526684,236629.28451414718,965824.7106659042,0.8,10
2025-07-10,1210529.8168410049,815415.9573251696,236629.28451414718,973900.5323268578,0.8,10
2025-07-11,1205633.9357768607,816388.4925537215,236629.28451414718,969004.6512627136,0.8,10
2025-07-14,1207538.4635647207,816970.2201933061,236629.28451414718,970909.1790505736,0.8,10
2025-07-15,1203797.9187680753,817254.210972614,236629.28451414718,967168.6342539281,0.8,10
2025-07-16,1199924.537575167,814842.0381102775,236629.28451414718,963295.2530610197,0.8,10
2025-07-17,1197314.5625944457,820391.1235861541,236629.28451414718,960685.2780802986,0.8,10
2025-07-18,1199536.5562132758,825283.1016559493,236629.28451414718,962907.2716991287,0.8,10
2025-07-21,1195128.6530638991,830785.3162492322,236629.28451414718,958499.3685497519,0.8,10
2025-07-22,1191920.0524423774,837567.0551012265,236629.28451414718,955290.7679282302,0.8,10
2025-07-23,1197859.6939821844,837731.8250629,236629.28451414718,961230.4094680373,0.8,10
2025-07-24,1191221.343373541,843683.3697614647,236629.28451414718,954592.0588593939,0.8,10
2025-07-25,1182495.3791087344,839235.5365149289,236629.28451414718,945866.0945945872,0.8,10
2025-07-28,1181963.1147654545,840996.6616340963,236629.28451414718,945333.8302513075,0.8,10
2025-07-29,1173977.8965182658,844290.9424734035,236629.28451414718,937348.6120041186,0.8,10
2025-07-30,1182882.4393635574,844130.9511049662,236629.28451414718,946253.1548494103,0.8,10
2025-07-31,1172263.0601239428,828748.6188086284,236629.28451414718,935633.7756097957,0.8,10
2025-08-01,1171325.2496758439,824546.9949531752,233514.80157668947,937810.4480991545,0.8,10
2025-08-04,1172288.9018842475,827754.4884055365,233514.80157668947,938774.1003075582,0.8,10
2025-08-05,1189163.5484620207,834413.5495852149,233514.80157668947,955648.7468853311,0.8,10
2025-08-06,1187107.1325667067,836454.151238165,233514.80157668947,953592.3309900172,0.8,10
2025-08-07,1191710.5610630636,836694.2602974566,233514.80157668947,958195.7594863741,0.8,10
2025-08-08,1190564.6373655787,834722.0026950046,233514.80157668947,957049.8357888892,0.8,10
2025-08-11,1193280.204694824,838289.4157230317,233514.80157668947,959765.4031181346,0.8,10
2025-08-12,1230527.5294400658,842623.6201227416,233514.80157668947,997012.7278633764,0.8,10
2025-08-13,1257777.2900969256,849283.6370210672,233514.80157668947,1024262.488520236,0.8,10
2025-08-14,1265850.888576731,848619.819250016,233514.80157668947,1032336.0870000415,0.8,10
2025-08-15,1259140.7605563682,854524.98109253,233514.80157668947,1025625.9589796786,0.8,10
2025-08-18,1272235.5877189264,862060.761622764,233514.80157668947,1038720.786142237,0.8,10
2025-08-19,1283420.4915692667,858799.4429095672,233514.80157668947,1049905.6899925773,0.8,10
2025-08-20,1293351.5735851163,868564.3863484091,233514.80157668947,1059836.7720084267,0.8,10
2025-08-21,1292362.1751657166,871955.1337677706,233514.80157668947,1058847.373589027,0.8,10
2025-08-22,1333919.5250581796,890241.2849999164,233514.80157668947,1100404.72348149,0.8,10
2025-08-25,1387166.1925300313,908791.1739098245,233514.80157668947,1153651.390953342,0.8,10
2025-08-26,1364936.9408181636,905409.3126404386,233514.80157668947,1131422.139241474,0.8,10
2025-08-27,1362375.168162119,891894.2512364304,233514.80157668947,1128860.3665854295,0.8,10
2025-08-28,1415179.607696015,907685.0414150509,233514.80157668947,1181664.8061193256,0.8,10
2025-08-29,1424001.6223428296,914390.7497984908,233514.80157668947,1190486.82076614,0.8,10
2025-09-01,1422862.4210449553,919871.2878794766,283661.1231706917,1139201.2978742635,0.8,10
2025-09-02,1423846.9437785933,913108.3990527161,283661.1231706917,1140185.8206079016,0.8,10
2025-09-03,1423370.4926127945,906881.3430360331,283661.1231706917,1139709.3694421027,0.8,10
2025-09-04,1378869.2223238186,887640.6728885577,283661.1231706917,1095208.0991531268,0.8,10
2025-09-05,1404134.2947175978,906982.0595139016,283661.1231706917,1120473.171546906,0.8,10
2025-09-08,1374684.7521394447,908455.9810123512,283661.1231706917,1091023.628968753,0.8,10
2025-09-09,1377371.9491985072,902088.2716790083,283661.1231706917,1093710.8260278155,0.8,10
2025-09-10,1394142.181655677,903940.0273941498,283661.1231706917,1110481.0584849853,0.8,10
2025-09-11,1438791.4002091954,924817.3148889395,283661.1231706917,1155130.2770385037,0.8,10
2025-09-12,1422262.7549008252,919522.938599774,283661.1231706917,1138601.6317301334,0.8,10
2025-09-15,1406967.1914924115,921771.4598945988,283661.1231706917,1123306.0683217198,0.8,10
2025-09-16,1399189.9131495913,919795.1557387254,283661.1231706917,1115528.7899788995,0.8,10
2025-09-17,1398092.2967948732,925425.0096075143,283661.1231706917,1114431.1736241814,0.8,10
2025-09-18,1382983.599251414,914665.2443946442,283661.1231706917,1099322.4760807222,0.8,10
2025-09-19,1382470.8207742444,915440.0882042907,283661.1231706917,1098809.6976035526,0.8,10
2025-09-22,1377507.3125302962,919646.9786795233,283661.1231706917,1093846.1893596044,0.8,10
2025-09-23,1389369.081847187,919071.5343816836,283661.1231706917,1105707.9586764951,0.8,10
2025-09-24,1388822.432821458,928484.8953649742,283661.1231706917,1105161.3096507662,0.8,10
2025-09-25,1391718.1953765636,934059.9275854015,283661.1231706917,1108057.0722058718,0.8,10
2025-09-26,1385540.4594833527,925226.8911653836,283661.1231706917,1101879.336312661,0.8,10
2025-09-29,1386609.355367284,939461.8323896019,283661.1231706917,1102948.2321965923,0.8,10
2025-09-30,1369916.1032923341,943659.0030028477,283661.1231706917,1086254.9801216424,0.8,10
2025-10-09,1368820.1704097001,957646.7587828967,272887.2877758329,1095932.8826338672,0.8,10
2025-10-10,1314927.1668605139,938807.3277917512,272887.2877758329,1042039.8790846808,0.8,10
2025-10-13,1307101.220642866,934159.7696823799,272887.2877758329,1034213.9328670332,0.8,10
2025-10-14,1268490.5509327678,922993.2953490075,272887.2877758329,995603.263156935,0.8,10
2025-10-15,1305418.234691033,936662.8171539622,272887.2877758329,1032530.9469152,0.8,10
2025-10-16,1312462.3969214913,939130.1776845674,272887.2877758329,1039575.1091456582,0.8,10
2025-10-17,1275097.6391214351,917944.2744044738,272887.2877758329,1002210.3513456023,0.8,10
2025-10-20,1284917.0610734047,922821.6116779709,272887.2877758329,1012029.7732975718,0.8,10
2025-10-21,1317957.2526052617,936984.8333347669,272887.2877758329,1045069.9648294288,0.8,10
2025-10-22,1311257.6511998377,933873.3591047949,272887.2877758329,1038370.3634240046,0.8,10
2025-10-23,1314467.225405163,936674.3671154863,272887.2877758329,1041579.93762933,0.8,10
2025-10-24,1350616.9264350806,947723.8574195479,272887.2877758329,1077729.6386592477,0.8,10
2025-10-27,1373152.2124905724,958975.9397423867,272887.2877758329,1100264.9247147394,0.8,10
2025-10-28,1365958.2726230845,954086.4018053078,272887.2877758329,1093070.9848472516,0.8,10
2025-10-29,1401780.139766354,965446.1956531354,272887.2877758329,1128892.8519905212,0.8,10
2025-10-30,1386184.7788557247,957733.9935275073,272887.2877758329,1113297.4910798918,0.8,10
2025-10-31,1356630.0040678827,943653.736383068,272887.2877758329,1083742.7162920497,0.8,10
2025-11-03,1355544.7000646284,946243.3678972032,270240.6968103218,1085304.0032543065,0.8,10
2025-11-04,1369595.4320612182,939186.5447503157,270240.6968103218,1099354.7352508963,0.8,10
2025-11-05,1369287.7590521055,940926.7660658795,270240.6968103218,1099047.0622417836,0.8,10
2025-11-06,1370396.7478875606,954377.2249562214,270240.6968103218,1100156.0510772387,0.8,10
2025-11-07,1368032.0588334324,951406.6073873024,270240.6968103218,1097791.3620231105,0.8,10
2025-11-10,1379639.2545083663,954712.2348437409,270240.6968103218,1109398.5576980445,0.8,10
2025-11-11,1384520.6214429229,945991.7698797054,270240.6968103218,1114279.924632601,0.8,10
2025-11-12,1395743.8349404326,944719.3220058713,270240.6968103218,1125503.1381301107,0.8,10
2025-11-13,1397305.8659385678,956140.3428504406,270240.6968103218,1127065.169128246,0.8,10
2025-11-14,1396583.4670423537,941106.2784960478,270240.6968103218,1126342.7702320318,0.8,10
2025-11-17,1384903.0309273934,934988.1947395903,270240.6968103218,1114662.3341170715,0.8,10
2025-11-18,1385753.5533726667,928916.3921669868,270240.6968103218,1115512.8565623448,0.8,10
2025-11-19,1391711.431572643,933003.4924602847,270240.6968103218,1121470.7347623212,0.8,10
2025-11-20,1393666.5086493504,928256.6412837962,270240.6968103218,1123425.8118390285,0.8,10
2025-11-21,1387392.506906192,905616.134222591,270240.6968103218,1117151.8100958702,0.8,10
2025-11-24,1380351.5168974511,904485.5800662143,270240.6968103218,1110110.8200871293,0.8,10
2025-11-25,1391055.9000621869,913098.6181874112,270240.6968103218,1120815.203251865,0.8,10
2025-11-26,1388418.7958576786,918633.8152412439,270240.6968103218,1118178.0990473568,0.8,10
2025-11-27,1390894.4843622523,918181.8213244133,270240.6968103218,1120653.7875519304,0.8,10
2025-11-28,1385902.2223457634,920471.2555111161,270240.6968103218,1115661.5255354415,0.8,10
2025-12-01,1384793.5005678872,930602.6865495187,276071.7226912766,1108721.7778766106,0.8,10
2025-12-02,1387495.8252981666,926098.4252339168,276071.7226912766,1111424.10260689,0.8,10
2025-12-03,1382106.030223762,921363.3273633453,276071.7226912766,1106034.3075324853,0.8,10
2025-12-04,1379037.1813010292,924518.7849855298,276071.7226912766,1102965.4586097526,0.8,10
2025-12-05,1382887.916839501,932239.8529266941,276071.7226912766,1106816.1941482243,0.8,10
2025-12-08,1383949.4666906495,939807.8635432236,276071.7226912766,1107877.743999373,0.8,10
2025-12-09,1382062.5578171029,935022.9056274809,276071.7226912766,1105990.8351258263,0.8,10
2025-12-10,1368433.4903194269,933722.3352240904,276071.7226912766,1092361.7676281503,0.8,10
2025-12-11,1370714.8510443764,925661.2551233382,276071.7226912766,1094643.1283530998,0.8,10
2025-12-12,1373391.3811517104,931510.4972577686,276071.7226912766,1097319.6584604338,0.8,10
2025-12-15,1376402.1184622638,925635.7964053305,276071.7226912766,1100330.3957709873,0.8,10
2025-12-16,1371274.210268719,914552.4899287081,276071.7226912766,1095202.4875774423,0.8,10
2025-12-17,1375886.8114328051,931291.9020352598,276071.7226912766,1099815.0887415286,0.8,10
2025-12-18,1387845.5893853349,925784.8478454227,276071.7226912766,1111773.8666940583,0.8,10
2025-12-19,1385345.1214277304,928913.4030044094,276071.7226912766,1109273.3987364538,0.8,10
2025-12-22,1381488.6722019028,937747.7814974211,276071.7226912766,1105416.9495106263,0.8,10
2025-12-23,1386772.3728195978,939600.3709245742,276071.7226912766,1110700.6501283213,0.8,10
2025-12-24,1381910.7737796174,942309.8332895229,276071.7226912766,1105839.0510883408,0.8,10
2025-12-25,1382679.6757313844,944033.6040436904,276071.7226912766,1106607.9530401079,0.8,10
2025-12-26,1381916.2070275398,947023.6410021437,276071.7226912766,1105844.4843362633,0.8,10
2025-12-29,1384099.0042634748,943390.3037218957,276071.7226912766,1108027.2815721983,0.8,10
2025-12-30,1377435.3503023917,945812.0744395832,276071.7226912766,1101363.627611115,0.8,10
2025-12-31,1375610.1845976242,941472.2374001867,276071.7226912766,1099538.4619063477,0.8,10
